PC1,PC2,PC3,PC4,PC5,PC6,PC7,PC8,PC9,PC10,PC11,PC12,PC13,PC14,PC15,PC16,PC17,PC18,PC19,PC20,record_id,source_name,layer,layer_name,pubchem_cid,inchikey,existing_formula,canonical_smiles,Canonical_RDKit_SMILES,RDKit_MolecularFormula
-3.470159361980426,-1.2086636641573816,0.08773913367199863,-0.37346482156468125,-0.09643312069094567,-0.576802427409575,-0.6012309868115614,-0.3730538291864982,0.3117516341289635,-0.29415314713943874,-0.2261024720262975,0.03806799152427023,0.24918285627595982,-0.1602724626633689,0.055188732662894306,-0.04301221071245108,0.038578814891866584,1.468267232455938e-15,-2.401371247153504e-16,1.577612899743915e-16,L0_0f4168490e38b844,Water,0,Inorganic/mineral chemistry,962,XLYOFNOQVPJJNP-UHFFFAOYSA-N,H2O,O,O,H2O
-2.1060423587379176,-1.7785832319788124,-0.4091507697521425,-0.18971017691388795,0.11755905497163952,-0.3947694655783456,-0.8243268682477037,-0.06835086814597331,-0.1496509653799831,-0.03764694035592826,-0.024446976032194864,0.5653295784297617,-0.20900100880217165,-0.15340821034888574,-0.04141095611460279,-0.0684794226805585,-0.03438488478520268,9.270456387987588e-17,-3.6087401340328316e-16,-3.000341623864971e-16,L0_16a20a03d513a3a5,Magnesite,0,Inorganic/mineral chemistry,11029,ZLNQQNXFFQJAID-UHFFFAOYSA-L,MgCO3,C(=O)([O-])[O-].[Mg+2],O=C([O-])[O-].[Mg+2],CMgO3
-1.7886580067230626,-1.9514188806934751,-0.17132094937849796,2.221026970597337,-1.0956280516373442,0.10409642542532015,-0.30708426319875987,0.346849992133265,-0.43932124182299054,0.20132961116398873,0.37556182996015797,0.4260616927416418,0.020964768606557507,-0.2856653068915417,-0.07185865105157183,-0.11502901965063084,0.0007517059780458815,1.9250957639348648e-16,6.151621558736251e-16,-1.338056417508913e-16,L0_2839c274795890e6,Anhydrite,0,Inorganic/mineral chemistry,24497,OSGAYBCDTDRGGQ-UHFFFAOYSA-L,CaSO4,[O-]S(=O)(=O)[O-].[Ca+2],O=S(=O)([O-])[O-].[Ca+2],CaO4S
-2.337108622803663,-1.432661908143977,-0.33780109885308596,0.0007518593069455777,-0.12975351648446282,-0.7901766353781324,-0.9299625968377049,-0.3194389513555359,-0.10461828684119791,-0.27325136700151403,0.4144461615142103,-0.32328847452181086,0.40900987359315744,0.7009573923989996,0.12766416519547727,-0.28939490158200915,-0.20000800414721875,-4.882294315478807e-16,2.352341701336873e-16,-1.6528460010781604e-16,L0_2c54521451dd9b7f,Hematite,0,Inorganic/mineral chemistry,14833,LIKBJVNGSGBSGK-UHFFFAOYSA-N,Fe2O3,[O-2].[O-2].[O-2].[Fe+3].[Fe+3],[Fe+3].[Fe+3].[O-2].[O-2].[O-2],Fe2O3
-3.595811423147834,0.5597504447613922,-0.5216899090546102,-0.5705664208405314,0.21907244275627694,0.5609321169882054,0.9033511243592485,-0.9401247927248947,-0.5261741843536135,-0.47251706167413277,-0.1318733302318904,-0.09744203473102121,0.23183121402258974,0.0427938267909379,0.009833227778076296,0.004310323724717887,0.0014180160728638333,8.634312972455624e-16,-1.5799510226333587e-17,-1.7628021667194792e-17,L0_2d5f5a8dc4bbee0a,Methane,0,Inorganic/mineral chemistry,297,VNWKTOKETHGBQD-UHFFFAOYSA-N,CH4,C,C,CH4
2.4035609005852367,-3.3551112027938115,-2.2330083934705143,0.8470212976894925,0.4357269661263841,-0.7059689303908128,-1.690933833644342,0.5238428372962157,-1.866799945141876,0.3141385320613308,1.9301515566599805,0.27397084195601895,-0.08398211455463267,0.5069416091515312,-0.2048988059773789,0.34884171461116603,-0.14299510707247842,1.6650047380429215e-16,-3.6292998085547046e-16,-2.4420780775839797e-17,L0_31387126d7b6f1f2,Montmorillonite,0,Inorganic/mineral chemistry,71586775,GUJOJGAPFQRJSV-UHFFFAOYSA-N,variable,O.[O-2].[O-2].[O-2].O=[Si]=O.O=[Si]=O.O=[Si]=O.O=[Si]=O.[Al+3].[Al+3],O.O=[Si]=O.O=[Si]=O.O=[Si]=O.O=[Si]=O.[Al+3].[Al+3].[O-2].[O-2].[O-2],H2Al2O12Si4
-3.2605137729820473,-0.9062331729826222,0.16961558074536787,-0.3202844901749981,-0.20049745188891313,-0.5964664176303044,-0.6583415820019948,-0.468043534757966,0.3352522706563453,-0.21748335426272983,0.004634397961306672,0.29170753295232177,0.03407775279491966,-0.1686829196479947,-0.024343565916087804,0.011125847157811725,0.04518778320749684,-1.6633332760002756e-15,-3.871432908967737e-16,3.8315234405188395e-17,L0_3299926263e92c7d,Formaldehyde,0,Inorganic/mineral chemistry,712,WSFSSNUMVMOOMR-UHFFFAOYSA-N,CH2O,C=O,C=O,CH2O
1.849217469287354,-3.9945978503787156,-2.1157168731226137,0.37520172122742657,0.8474646095856168,-1.0507639243234783,-0.8142788097291072,0.9123064836487599,-1.2892192287239106,-0.2717210490540296,0.0517046425556387,-1.0191862424555147,-0.43058689159052116,-0.40482210514099354,0.5709705166198017,-0.27416909390581534,0.03898096704869822,-2.1730886022551251e-16,-8.671261375812053e-18,1.251774239834973e-16,L0_463c82f2667d70f0,Struvite,0,Inorganic/mineral chemistry,10220511,CKMXBZGNNVIXHC-UHFFFAOYSA-L,MgNH4PO4·6H2O,[NH4+].O.O.O.O.O.O.[O-]P(=O)([O-])[O-].[Mg+2],O.O.O.O.O.O.O=P([O-])([O-])[O-].[Mg+2].[NH4+],H16MgNO10P
-3.628919382254219,-0.9169479532598723,0.2685096622315964,-0.3061612522895297,-0.2666748501882515,-0.6442128546975766,-0.5648910013739084,-0.5185527347201317,0.41231104375893185,-0.3640334642231126,-0.15901549582551647,0.23808806975863475,0.17728075631372464,0.312856298848484,0.024365871301174173,0.013759081196421247,-0.05102846082830903,-6.536808831808214e-17,-1.7839652248908712e-17,1.9689141503867363e-16,L0_47c4d6406db7b344,Nickel,0,Inorganic/mineral chemistry,935,PXHVJJICTQNCMI-UHFFFAOYSA-N,Ni,[Ni],[Ni],Ni
6.519686355845483,-6.700309176618332,-3.5790536882122854,0.6144447039733557,1.467701837270486,2.919077807870036,-2.868483417297014,0.4637824477967779,-0.6675875569538112,-0.6950271021356499,-0.2214816987916852,0.17068556380595218,0.4542671132775488,-0.14574854652008307,-0.06291039583860564,0.3175116099960491,0.0159566903072678,-1.9479446056727625e-16,4.2427594205829e-16,3.2624145868501895e-16,L0_4abaf58b811438a2,Ulexite,0,Inorganic/mineral chemistry,102600792,RNCQTUQXZQSENY-UHFFFAOYSA-N,NaCaB5O9·8H2O,B1(OB2OB(O1)OB(O2)OB([O-])[O-])[O-].O.O.O.O.O.O.O.O.[Na+].[Ca+2],O.O.O.O.O.O.O.O.[Ca+2].[Na+].[O-]B([O-])OB1OB2OB([O-])OB(O1)O2,H16B5CaNaO17
-3.422420285263248,-0.9237496520390758,0.6424141789719242,2.0284840859271003,-1.4511509074368092,0.005593738809165257,-0.10294735433426257,-0.04850608197988631,0.2179363067133257,-0.09680898256947124,-0.02226085281879019,0.19368873980340373,0.09864884659473125,0.08695481838831769,-0.0026701209698462474,0.008733110258826091,-0.048901433854728525,-1.265646966252142e-17,-9.071513870240559e-17,1.429186824636054e-17,L0_52c8a333d6e31caf,Sphalerite,0,Inorganic/mineral chemistry,14821,WGPCGCOKHWGKJJ-UHFFFAOYSA-N,ZnS,S=[Zn],[S]=[Zn],SZn
6.19737645036917,-7.592671872138115,-3.6334242226263775,0.3320676500817372,1.799698132039972,3.3237365043156606,-2.8195941460693876,0.6241314225521201,-0.7842709796623224,-0.5594404527817898,-0.778633432593195,-0.5404109140412393,0.10418351157657375,-0.2190698787837863,0.0733155020388521,-0.018024782476138358,0.013820828193852136,6.880845790983409e-17,-2.6574532768805836e-16,-3.0626981948394556e-16,L0_6fd7b80b1330af19,Borax,0,Inorganic/mineral chemistry,16211214,CDMADVZSLOHIFP-UHFFFAOYSA-N,Na2B4O7·10H2O,B1(OB2OB(OB(O1)O2)[O-])[O-].O.O.O.O.O.O.O.O.O.O.[Na+].[Na+],O.O.O.O.O.O.O.O.O.O.[Na+].[Na+].[O-]B1OB2OB([O-])OB(O1)O2,H20B4Na2O17
-3.1094707224761375,-1.1594085263272762,0.8806553511568019,4.4109284420446775,-2.4963661039593514,0.7933462383528097,0.12639690785464672,0.5880545861854607,-0.0659419240145074,0.11152972384298533,-0.358570663969193,-0.3223096866255297,-0.06340867811875013,0.3813746127816228,-0.1502710741017744,-0.06323720986995415,-0.0995923531904911,1.4540801545277578e-16,-1.7070453308916793e-16,1.1166911974374444e-16,L0_7da6add96d763c13,Chalcopyrite,0,Inorganic/mineral chemistry,19601290,DVRDHUBQLOKMHZ-UHFFFAOYSA-N,CuFeS2,[S-2].[S-2].[Fe+2].[Cu+2],[Cu+2].[Fe+2].[S-2].[S-2],CuFeS2
-3.202275431643878,-2.201900916909281,-0.21303471022245188,-0.45578849603428956,0.37317869147794014,0.05768814331534051,-0.7227239978937338,0.20048794685294005,0.09821531949862723,-0.24516661712637786,-1.5939649673642733,0.4759289311024064,-0.4754396361561227,0.41219995347900884,-0.13373824647619487,-0.0764698035248672,-0.09281100084965713,-1.36403122071485e-16,-3.2445181327563903e-18,5.632243987204409e-17,L0_8b18b142f9f05540,Sylvite,0,Inorganic/mineral chemistry,4873,WCUXLLCKKVVCTQ-UHFFFAOYSA-M,KCl,[Cl-].[K+],[Cl-].[K+],ClK
-3.389796218710955,-0.875972280721979,0.18306214631606077,-0.3327041902690993,-0.19832656425314005,-0.6234344364482188,-0.6991795596613571,-0.4890808222904129,0.3701078288875968,-0.25047832607885395,-0.05726302722647163,0.0340224129888868,0.141770857297897,-0.07885478408608175,-0.06902593339919616,-0.10914417072609263,-0.00945363244348522,4.9618574971634735e-17,-1.4118647430564607e-17,3.9236237921011457e-17,L0_9c182c4b8abdfed2,Carbon monoxide,0,Inorganic/mineral chemistry,281,UGFAIRIUMAVXCW-UHFFFAOYSA-N,CO,[C-]#[O+],[C-]#[O+],CO
-3.2402935279731317,-2.2037213496890495,-0.20457518248224213,-0.4808824056876195,0.38303698188453916,0.06055350996363703,-0.7067233243430713,0.19924234402199983,0.11103529354386542,-0.24195175819873765,-1.6026476414598463,0.46773684118731906,-0.4561026653842336,0.30202326666470314,-0.18219650574170995,-0.06841301869403318,-0.11701148240358837,3.3442320335995066e-17,8.936216532734417e-18,3.8358260823567e-17,L0_9e84a582e2f4e097,Halite,0,Inorganic/mineral chemistry,5234,FAPWRFPIFSIZLT-UHFFFAOYSA-M,NaCl,[Na+].[Cl-],[Cl-].[Na+],ClNa
-3.62835293433275,-0.9169208298511845,0.26838362009988137,-0.3057873673679504,-0.26682173308479923,-0.6442555470240969,-0.5651294022711124,-0.5185341759493706,0.4121200334677186,-0.3640813637849841,-0.1588861289405561,0.2382101272195001,0.17699264649343344,0.31449786855517825,0.025087871687548457,0.013639039704032246,-0.050667887475133545,-3.452347985689046e-17,1.0011287785596958e-16,-2.09348330831775e-17,L0_a2bdc78162b620e9,Cobalt,0,Inorganic/mineral chemistry,104730,GUTLYIVDDKVIGB-UHFFFAOYSA-N,Co,[Co],[Co],Co
-3.211192909998098,-0.9495684115457448,0.5042526401132744,-0.5086540035562509,-0.17567543918291334,-0.7660227611090898,-0.08097982167907362,-0.021559837462154202,0.624470004703641,-0.33684159718114814,0.11948402524370551,0.14221225481524694,0.2532058395834028,-0.15655929735211335,0.1377346226635051,0.06588785642695599,-0.019038077561901165,-1.1607339900286213e-16,-3.0370999543304694e-17,-4.567122925187713e-17,L0_aed778121d5e11f6,Ammonia,0,Inorganic/mineral chemistry,222,QGZKDVFQNNGYKY-UHFFFAOYSA-N,NH3,N,N,H3N
-3.2542555513576845,-0.9323869275012306,1.0248485969760022,4.337826762075851,-2.625686664661528,0.6582895355131807,0.3751300734236511,0.4202846059490792,0.03648819112555088,0.1736571019338557,0.1057388862482614,0.14102917118410271,0.03951476896395666,-0.2500398919723913,-0.07856748938877382,0.011830947318648385,-0.07117620855726911,-2.3737037293411886e-16,-3.2701462341196545e-17,2.2675405383743823e-17,L0_af3e3862e89ed6d2,Pyrite,0,Inorganic/mineral chemistry,14788,NFMAZVUSKIJEIH-UHFFFAOYSA-N,FeS2,S=[Fe]=S,[S]=[Fe]=[S],FeS2
-1.5591285885445125,-1.9404282494647358,-0.2223942715001368,2.372528256528953,-1.1551462253424403,0.08679713894984377,-0.4036862934198844,0.3543701607022304,-0.5167202035748781,0.18192030953045546,0.4279823698033693,0.47552039302983506,-0.09577973149067369,0.3795124180085841,0.2207019221773399,-0.16367083271237698,0.14685903346251575,3.1925584540434944e-16,-8.090433288939101e-17,1.712322871593276e-17,L0_be292df0c6aee9c1,Barite,0,Inorganic/mineral chemistry,24414,TZCXTZWJZNENPQ-UHFFFAOYSA-L,BaSO4,[O-]S(=O)(=O)[O-].[Ba+2],O=S(=O)([O-])[O-].[Ba+2],BaO4S
-3.2096455045668275,-0.8077473089080427,0.5276018379871398,-0.44388349632074564,-0.21864684322906475,-0.6322135970019283,-0.4442522419544668,-0.14048424226436815,0.37597599243917534,-0.5835748150497967,0.14251785081466642,0.23074079612868886,-0.0003432820121878525,-0.15998324116557622,0.005417345701521768,-0.04262737406817149,-0.017413089306336033,-6.391461972343815e-17,1.5805344505995086e-18,2.868430411159746e-17,L0_c1f418a0e6bf9a26,Hydrogen cyanide,0,Inorganic/mineral chemistry,768,LELOWRISYMNNSU-UHFFFAOYSA-N,HCN,C#N,C#N,CHN
-3.7375461701329216,-0.9731364428863303,0.6742734424548843,1.886704360142229,-1.3427160706377064,0.09896212376353891,-0.09970976187879464,0.00634496699699504,0.30326314002647936,-0.09993228548966515,-0.33745357126390374,-0.07764068047701846,0.1451272166289045,-0.33080954734579077,-0.09567134653040475,0.04622162606881885,0.06821419051837135,-4.77181572144423e-17,4.146897610794382e-17,-4.447286120644199e-17,L0_d982e6a7ff42c25e,Hydrogen sulfide,0,Inorganic/mineral chemistry,402,RWSOTUBLDIXVET-UHFFFAOYSA-N,H2S,S,S,H2S
-3.159623345477285,-0.92785562303731,1.0037916833465204,4.4002889117871975,-2.6502252885659594,0.6511572487138587,0.3353022235345406,0.423385080589415,0.004577534349798244,0.16565488137862194,0.12735124146690963,0.16142039573993938,-0.00861757788846986,0.024204847152241155,0.04205170015994816,-0.008223484503569719,-0.010937922742463793,-4.7533564711059816e-17,2.6309585178972316e-17,1.93049679903731e-17,L0_dd1c355b8cc591e6,Molybdenite,0,Inorganic/mineral chemistry,14823,CWQXQMHSOZUFJS-UHFFFAOYSA-N,MoS2,S=[Mo]=S,[S]=[Mo]=[S],MoS2
-2.8852355525241045,-1.1536841173460948,-0.01883102774889998,-0.27000752463379457,-0.14310101042713036,-0.6052211355419242,-0.6632380535866756,-0.41359158256332296,0.18847754572272263,-0.1325159050769009,0.1719595877889837,0.4630683549685209,0.04777659901625198,-0.1983790943722675,-0.05227198343472588,-0.13092292974546885,0.0007424501999146457,-1.609032926050845e-17,-5.996567025387036e-17,5.985563816045298e-17,L0_ddf74783a6568c47,Carbon dioxide,0,Inorganic/mineral chemistry,280,CURLTUGMZLYLDI-UHFFFAOYSA-N,CO2,C(=O)=O,O=C=O,CO2
-3.00707511786284,-0.9441311744111982,0.5412095059271437,2.2535389382748092,-1.4965381117077268,0.04111160570377348,-0.2895330513717843,0.026080375158987562,0.0718352697437345,-0.12521177118536925,-0.04114735519520411,0.23090119830991065,-0.16413405263885744,0.9984739672148711,0.43991713858352083,0.1000113316033018,0.25965894102635684,-1.4574966230687328e-16,-2.6552521720899754e-17,-2.9815710825382468e-18,L0_e1129d7f3591a5d9,Galena,0,Inorganic/mineral chemistry,14819,XCAUINMIESBTBL-UHFFFAOYSA-N,PbS,S=[Pb],[S]=[Pb],PbS
-3.3114389762494505,-0.9184354981919,0.6177193743158453,2.1017374891875313,-1.4799289389428358,-0.00277075526435203,-0.1496560501189177,-0.04486995481844674,0.18051261540744057,-0.10619370422923402,0.0030853541170196776,0.2176028478234699,0.04220093005414538,0.4085793631724174,0.1387878047306154,-0.014786019137466523,0.02174390036609125,1.3135899281480271e-17,9.846415015680597e-17,-3.959164171616283e-18,L0_f981390c58218f98,Greenockite,0,Inorganic/mineral chemistry,14783,CJOBVZJTOIVNNF-UHFFFAOYSA-N,CdS,S=[Cd],[S]=[Cd],CdS
-0.4145239472654872,-0.6454965927073679,0.15765435566871652,-0.6822548603141083,0.13071910398771924,1.3662309594706823,0.17122273970907323,-0.3899024547717692,1.1482411613986683,-0.7253037045891088,0.0740415402932286,-0.22153686336504355,-0.0651711889022283,0.13958629340546636,-0.13087281299520662,-0.03867182756182665,0.019584733018858998,-1.6576949974510817e-16,5.096087114576903e-18,2.637670916417193e-19,L3_e47a9c4ce3cf16e5,cyclo(gly-ala),3,Pre-nucleic/functional systems,7817,BXRNXXXXHLBUKK-UHFFFAOYSA-N,,C1C(=O)NCC(=O)N1,O=C1CNC(=O)CN1,C4H6N2O2
-1.3929707076567994,-1.0614841283875214,1.0131345042471422,-0.7072036468165965,0.09445061406949037,-0.6829377952743625,0.2358021244926221,1.414212408752499,0.5266551048032809,-0.8320428240973485,0.4343232021356136,-0.24290025462179882,-0.3798580888753283,0.0023336854628253577,-0.06585209424967811,-0.019592964817336824,-0.02316055072115836,2.0865884602185484e-17,7.746376118631328e-17,1.9879720961793045e-17,PUBCHEM_10005,dicyandiamide,2,Prebiotic building blocks,10005,QGBSISYHAICWAH-UHFFFAOYSA-N,,C(#N)N=C(N)N,N#CN=C(N)N,C2H4N4
-1.4837579514738268,-1.5006436008478057,-0.5781562251771384,-0.002948035255452326,-0.13549714589462825,-1.6574102002093396,0.2610271849041651,-0.5471701805533792,0.7483026723048315,0.2607071836936647,-0.2761001426072097,-0.5079980980138278,0.02389217622112773,0.06547473730507128,-0.009045501913679935,0.10184614594179946,-0.0018117386007492431,9.319878524948177e-17,8.998363668412687e-17,-1.3432254882606597e-17,PUBCHEM_1004,phosphoric acid,2,Prebiotic building blocks,1004,NBIIXXVUZAFLBC-UHFFFAOYSA-N,,OP(=O)(O)O,O=P(O)(O)O,H3O4P
0.4436747629302386,-1.547483828421209,-1.403017023747748,0.5743739894429171,-0.2331468035302726,-2.7159459894742826,0.5575581729370854,-0.7535396318140897,0.7026709690765123,0.10208016027397412,-0.31007587501874156,-0.45856759220978127,0.00309904878904537,0.026569246963655715,0.00043716908271345913,0.12033914839365586,-0.010592861292437345,1.1654165361943809e-16,6.754308770122673e-17,-5.509486398060749e-17,PUBCHEM_1023,pyrophosphoric acid,2,Prebiotic building blocks,1023,XPPKVPWEQAFLFU-UHFFFAOYSA-N,,OP(=O)(O)OP(=O)(O)O,O=P(O)(O)OP(=O)(O)O,H4O7P2
-2.559220452279046,0.8651494280068536,-0.7396922712745094,-0.43683846605486926,0.3081940845969843,0.5038886733282285,0.7364639195686237,-0.635036526814757,-0.4121327338369537,-0.05347558204108354,-0.06759960238063484,-0.08157314476255872,0.04201511080245701,0.05019488004617438,0.0235100390883726,0.03356394767278862,-0.003966253023717113,-5.3768849456278885e-17,-5.378274011287371e-17,6.447449942428858e-18,PUBCHEM_1031,propanol,1,Simple organic chemistry,1031,BDERNNFJNOPAEC-UHFFFAOYSA-N,,CCCO,CCCO,C3H8O
-2.296821262240351,0.39088703366010324,-0.5799524732864682,-0.2976182937472245,0.15132237518747665,0.042828434242736996,0.146159006204266,-0.5103358256162017,-0.1779093142211413,0.037330480427982045,0.1374384730318009,-0.1452107605108734,0.08870496876645684,0.03002197180036899,-0.045328602194157644,-0.014336943190987437,0.008845061746960611,-5.077534133385537e-17,1.5752762953069415e-18,2.037830044894309e-18,PUBCHEM_1032,propionic acid,1,Simple organic chemistry,1032,XBDQKXXYIPTUBI-UHFFFAOYSA-N,,CCC(=O)O,CCC(=O)O,C3H6O2
-1.470403195223136,1.1525865508110384,-0.40611903217696127,-0.5492313388747244,0.4959331638157927,0.41534905082460094,1.0187834983576214,0.5441366392271162,-0.23044651780750547,-0.46563043263285614,-0.14967689312564386,-0.00541674850908871,-0.0156203925706427,0.014209138939394484,0.1289111166558691,0.04865596439292394,-0.0338844096070265,-3.674641102966617e-17,2.4663472429109945e-17,-4.629505310165186e-18,PUBCHEM_1045,putrescine,3,Pre-nucleic/functional systems,1045,KIDHWZJUCRJVML-UHFFFAOYSA-N,,C(CCN)CN,NCCCCN,C4H12N2
0.5617391598998251,0.6704225792053399,0.71647954865237,-0.4720613258445752,-0.20656524940904894,-0.16329855493364873,-0.4450468372092524,-0.11967306837152297,-0.2857938363832217,1.0443987933339502,0.012151163752673973,0.09639798684399979,-0.23441057702794402,-0.0538743284207292,0.08323182870945178,0.05478933656273797,-0.04619807735217444,-1.1030370554332289e-17,8.719234026594666e-17,3.2506943517978424e-17,PUBCHEM_1054,pyridoxine,2,Prebiotic building blocks,1054,LXNHXLLTXMVWPM-UHFFFAOYSA-N,,CC1=NC=C(C(=C1O)CO)CO,Cc1ncc(CO)c(CO)c1O,C8H11NO3
-1.903966477504272,-0.3097112300039161,-0.4956291568157065,-0.18529805779420136,0.08034368666623046,-0.31067957438177657,-0.39402830305854136,-0.27795856394352164,-0.005674954550056289,0.18276560178968287,0.22426429056831634,0.09598867977432876,-0.01313736130197183,-0.07852641147513709,-0.07245005391701796,-0.06329461502472412,0.024007200106945258,-5.2588765682373874e-17,6.281254580133448e-18,1.1650397225761404e-17,PUBCHEM_1060,pyruvic acid,1,Simple organic chemistry,1060,LCTONWCANYUPML-UHFFFAOYSA-N,,CC(=O)C(=O)O,CC(=O)C(=O)O,C3H4O3
-3.1737625447106614,0.6571864939310621,-0.153674989650149,1.7764181079596058,-0.9298936610727858,1.2994309942170703,1.2113237228515594,-0.4105683197906244,-0.7440324497828265,-0.1467512603367685,-0.05958987698453418,-0.2023018126123572,-0.0804651497868957,-0.2209736488652368,-0.05209588552348042,0.023879782967474943,0.009896745172282735,-6.05410817204087e-17,-4.630528491906448e-17,1.4109786638909546e-18,PUBCHEM_1068,dimethyl sulfide,2,Prebiotic building blocks,1068,QMMFVYPAHWMCMS-UHFFFAOYSA-N,,CSC,CSC,C2H6S
-1.6057506039212548,-1.4288799504159584,-0.43323835825264617,-0.06051866489022303,-0.20046224260490828,-1.6254753738168175,0.4782687921226414,-0.5764262350381769,0.8236871305432237,0.2889372745619567,-0.18907162532826516,0.1492446725546474,-0.15117004201522855,-0.14267539151457567,0.15495771059225175,0.22451657601189476,-0.025352531788359996,1.1330322616075853e-16,-1.03520827999534e-17,-4.411858221301123e-17,PUBCHEM_107909,phosphorous acid,2,Prebiotic building blocks,107909,OJMIONKXNSYLSR-UHFFFAOYSA-N,,OP(O)O,OP(O)O,H3O3P
0.6591098457387748,-0.3837994966462716,-1.2206055243206466,-0.5334140061097772,0.5324902768416531,1.8711315253738907,0.9490250891794603,-0.8888943714692324,0.8287059304301688,0.7285086728231256,0.20822646226455774,0.12168177005844905,-0.03286400002148829,0.04425693710827853,0.1264977601004846,0.018689768744345372,-0.041296283691308444,8.291385941224137e-17,-5.5100164815093055e-17,2.0422197220144324e-17,PUBCHEM_10975657,ribose,2,Prebiotic building blocks,10975657,SRBFZHDQGSBBOR-SOOFDHNKSA-N,,C1[C@H]([C@H]([C@H](C(O1)O)O)O)O,OC1OC[C@@H](O)[C@@H](O)[C@H]1O,C5H10O5
0.509154490313776,4.995404716737948,-1.1486668917954024,0.6857347963076,0.006954125148953002,-0.22311181963633436,-1.8707433642231808,0.23165483928702602,-0.05029458433177815,-0.25131370510068357,-0.058182182858377715,-0.004304368483406959,0.167681491058253,-0.012558042416911632,0.030032518952134497,0.012887031860256085,0.0007117582977965653,3.9169168413518794e-17,-6.731909355045405e-17,-8.308342696720323e-18,PUBCHEM_11005,myristic acid,2,Prebiotic building blocks,11005,TUNFSRHWOTWDNC-UHFFFAOYSA-N,,CCCCCCCCCCCCCC(=O)O,CCCCCCCCCCCCCC(=O)O,C14H28O2
-0.010587937357559925,2.1932864618219123,-0.4473886873745781,-0.3495681642296099,0.6076444952146043,0.23353630934074443,0.6754556319095221,1.4784668212374534,0.026363787903997737,-0.5546825153130227,-0.39053723328691026,0.24297822889123646,-0.01876220189939367,0.01551880561971122,0.1030944677816393,0.1017158679399174,-0.004168097561222166,-1.4708832073343364e-16,-8.731839639687797e-17,-7.146387311105877e-18,PUBCHEM_1102,spermidine,3,Pre-nucleic/functional systems,1102,ATHGHQPFGPMSJY-UHFFFAOYSA-N,,C(CCNCCCN)CN,NCCCCNCCCN,C7H19N3
1.449227320508016,3.2339863728327862,-0.48865834257219565,-0.14990498958449544,0.7193558266134154,0.051723567856889,0.3321277654614224,2.41279700324779,0.28317409361550094,-0.6437345979931883,-0.6313975734481767,0.49137320629156106,-0.02190401122814499,0.016828472300027725,0.07727781890740971,0.154775771486912,0.025548214484582152,-3.344333691294873e-17,-1.1139220404918454e-16,-4.5016422067762654e-17,PUBCHEM_1103,spermine,3,Pre-nucleic/functional systems,1103,PFNFFQXMRSDOHW-UHFFFAOYSA-N,,C(CCNCCCN)CNCCCN,NCCCNCCCCNCCCN,C10H26N4
-1.121240467034993,0.3076748309507059,-0.9039118819867337,-0.05456271114005408,0.2329090422097155,-0.33357518898041,-0.2860456609493241,-0.01730196141868877,0.028965801823836262,0.41237820256861457,0.15532677262617642,-0.04702244665515047,0.30028365074788027,-0.0006489601312127786,-0.0733090525863539,-0.08443102619315589,0.012401492865174819,2.342282680856721e-17,-3.0701978290605847e-17,2.0743643544456217e-17,PUBCHEM_1110,succinic acid,1,Simple organic chemistry,1110,KDYFGRWQOYBRFD-UHFFFAOYSA-N,,C(CC(=O)O)C(=O)O,O=C(O)CCC(=O)O,C4H6O4
1.0974986463431482,0.24485340533999342,-0.6173386650991318,-0.22733477420557363,0.6800577988130863,-0.2859448157452673,0.1522905729183336,1.8590826177525235,0.19218866324111442,0.15369303538129703,-0.060866840794912745,0.03322131130078043,-0.1725250850311434,0.11408913981557992,-0.22982489684480792,-0.07513305173113673,0.055335135786446915,1.940139952002173e-16,7.341744632148993e-18,2.823007247932048e-17,PUBCHEM_11161,triglycine,3,Pre-nucleic/functional systems,11161,XKUKSGPZAADMRA-UHFFFAOYSA-N,,C(C(=O)NCC(=O)NCC(=O)O)N,NCC(=O)NCC(=O)NCC(=O)O,C6H11N3O4
-0.3629866479535967,-0.04727503120586368,-0.4923445275794799,-0.3330710206900047,0.482452672064817,-0.2203716533908239,0.2876345804138927,1.0301799238136469,0.13873232801486776,0.10640934034545271,-0.003696250236203305,0.013147900622622492,-0.03683435136692753,0.04868246987020411,-0.10893384353896884,-0.04051962385689412,0.027378459297992427,-8.513584330058413e-17,-4.0507903610493817e-19,1.1288352531222127e-17,PUBCHEM_11163,glycylglycine,3,Pre-nucleic/functional systems,11163,YMAWOPBAYDPSLA-UHFFFAOYSA-N,,C(C(=O)NCC(=O)O)N,NCC(=O)NCC(=O)O,C4H8N2O3
2.591639206087073,1.7085233399372977,6.1920256259092366,5.517912409450801,6.245786673788146,0.2268921449526703,-0.32854402877575956,-0.9687427014245396,-1.0358349674413627,0.3207088432137371,0.06748656245312762,0.2918132750818536,-0.1477959629346724,-0.1831525893564518,-0.029624311161641343,-0.05803466545432321,-0.022675328145606598,-1.3717085761971431e-16,1.782966417870063e-17,2.903726711267929e-17,PUBCHEM_1130,thiamine,2,Prebiotic building blocks,1130,JZRWCGZRTZMZEH-UHFFFAOYSA-N,,CC1=C(SC=[N+]1CC2=CN=C(N=C2N)C)CCO,Cc1ncc(C[n+]2csc(CCO)c2C)c(N)n1,C12H17N4OS+
-0.42364311575726504,-0.32488438605343123,1.294497978105888,-0.7324137063524699,-0.26195087806256956,-0.2194982753328448,-0.3071671628376537,-0.0035708867811235193,-0.3399830712221366,0.3284169563855225,-0.09515605090972339,-0.30435322378466884,-0.14514624319817201,0.05878563172620616,-0.09674335207019714,0.040913257594430805,0.04290020733227112,5.575901429683196e-17,6.867359938880124e-17,-2.4972382437986693e-17,PUBCHEM_1135,thymine,2,Prebiotic building blocks,1135,RWQNBRDOKXIBIV-UHFFFAOYSA-N,,CC1=CNC(=O)NC1=O,Cc1c[nH]c(=O)[nH]c1=O,C5H6N2O2
-1.9499213379816434,0.7715395803389783,1.4666349828920382,-0.529365232997944,-0.7252591474295277,-0.18694948470884415,-1.2915563251487256,-1.239039071199821,-0.27519116110316577,0.27883937058900565,-0.21274428319525748,-0.29828344606550544,-0.339245173949947,-0.05547207613044305,0.055162435401614925,0.07859228771864298,-0.021560465172744448,-1.0049799919941442e-16,5.139249960288552e-19,3.900802557909796e-18,PUBCHEM_1140,toluene,1,Simple organic chemistry,1140,YXFVVABEGXRONW-UHFFFAOYSA-N,,CC1=CC=CC=C1,Cc1ccccc1,C7H8
-2.7205521399901422,0.7675671509583035,-0.3148100119662891,-0.5665765473276603,0.26424415971439236,0.6929669623656034,0.767697936226297,-0.5022406460886212,-0.6583939708492154,-0.6477782240048461,0.03730258304672043,-0.05015573702476777,-0.35397363391280107,0.09883759691128005,-0.14825345360494735,0.060432314073104725,0.06921258138044954,-3.682306671561197e-17,8.921500566087832e-17,-8.867468274025115e-18,PUBCHEM_1146,trimethylamine,1,Simple organic chemistry,1146,GETQZCLCWQTVFV-UHFFFAOYSA-N,,CN(C)C,CN(C)C,C3H9N
-0.641231377266418,-0.7865839707394222,1.440650596305022,-0.7334728259698918,-0.3314978074849001,-0.4739299279148805,-0.4666124468352349,0.08189298339625627,-0.1320018084710254,0.3171264930972435,-0.17148056351896604,-0.17997924422484318,-0.0006847674408160359,0.011643455775403858,-0.08903460003507711,0.03481852958304523,0.04991913734235905,-9.012684830407141e-17,6.292634034626489e-17,-1.8640947504482922e-17,PUBCHEM_1174,uracil,2,Prebiotic building blocks,1174,ISAKRJDGNUQOIC-UHFFFAOYSA-N,,C1=CNC(=O)NC1=O,O=c1cc[nH]c(=O)[nH]1,C4H4N2O2
-2.138273977467859,-1.1427479809984942,0.48929954006391335,-0.5461837005341887,0.03490209427524292,-0.7405388323613018,0.010358932415312333,0.6298073422834282,0.6261986331759498,-0.24126129558970522,0.14865662440564514,-0.25514226234237575,0.02385769728787266,0.002529085584521772,-0.015012785913163925,0.021092728689192913,0.004786293069880286,-6.422195852954277e-17,-7.688309960123508e-17,1.7399646455609217e-17,PUBCHEM_1176,urea,1,Simple organic chemistry,1176,XSQUKJJJFZCRTK-UHFFFAOYSA-N,,C(=O)(N)N,NC(N)=O,CH4N2O
1.0774942997759138,-0.7830404014058773,2.876524286457828,-1.2111646084316914,-0.5883596558111505,-0.3981247362434446,-0.1111286064543575,0.38196364357970364,-0.6876906266769196,0.3934747285246332,-0.3349934807170187,-0.3170473655246253,0.30940124999637997,0.09418088459064528,-0.08877350880545846,0.03393740554714686,0.04604135159062282,-3.980985358272408e-16,4.7853284327002545e-17,-3.410039847303567e-17,PUBCHEM_1188,xanthine,2,Prebiotic building blocks,1188,LRFVTYWOQMYALW-UHFFFAOYSA-N,,C1=NC2=C(N1)C(=O)NC(=O)N2,O=c1[nH]c(=O)c2[nH]cnc2[nH]1,C5H4N4O2
-1.2958218311290641,0.7301306908808722,-0.6550154570818474,-0.301897025007389,0.364421103012754,0.04088693092209559,0.3663689187041488,0.26341733890421387,-0.10074035799183455,-0.026626115032120836,0.002824939750266309,-0.026219597582119576,0.1423316290886188,0.0067800894040908714,0.027801032034757575,-0.01788753090011601,-0.010741458370925777,1.421776091472163e-17,-3.247616056821039e-17,1.810453348798163e-17,PUBCHEM_119,aminobutyric acid,3,Pre-nucleic/functional systems,119,BTCSSZJGUNDROE-UHFFFAOYSA-N,,C(CC(=O)O)CN,NCCCC(=O)O,C4H9NO2
5.857605474745355,0.3155572477027478,1.8105133143840797,-0.620447328269837,-0.6216455922586082,0.4795398031651877,0.13748785899893728,-0.2829029752903857,-0.3029149029789113,-0.5567560448113753,0.029230582522308396,0.06476473680454425,0.13117246769201857,0.01869401769717428,0.004466996609457285,-0.05040139579316495,-0.010531872563894453,4.2202182729185577e-16,-4.344069713311715e-17,-1.6942862406074135e-17,PUBCHEM_12599,deoxyadenosine monophosphate,5,DNA/deoxyribonucleotide systems,12599,KHWCHTKSEGGWEX-RRKCRQDMSA-N,,C1[C@@H]([C@H](O[C@H]1N2C=NC3=C(N=CN=C32)N)COP(=O)(O)O)O,Nc1ncnc2c1ncn2[C@H]1C[C@H](O)[C@@H](COP(=O)(O)O)O1,C10H14N5O6P
4.51915042437353,0.10753974633501831,2.430021814162474,-1.188151526148454,-0.40042869989900914,1.49646083596537,0.034994904725704504,0.1422673147211424,-0.17191126730953654,-0.00843106995806191,0.11019338589783635,0.07053635467479155,0.1423165881464457,0.044322991322805434,0.0175394669279092,-0.01592323109355802,0.012273629090002793,1.281446450874905e-16,-1.738198061091303e-16,2.2801010494777632e-17,PUBCHEM_135398592,deoxyguanosine,5,DNA/deoxyribonucleotide systems,135398592,YKBGVTZYEHREMT-KVQBGUIXSA-N,,C1[C@@H]([C@H](O[C@H]1N2C=NC3=C2N=C(NC3=O)N)CO)O,Nc1nc2c(ncn2[C@H]2C[C@H](O)[C@@H](CO)O2)c(=O)[nH]1,C10H13N5O4
6.3542402215423275,0.09233124214014547,1.6129082586037522,-0.6153576663861878,-0.4851217130091749,0.4389149841331806,0.2660446045633865,-0.06464468012669157,-0.19449162829940894,-0.20121359453057167,-0.03177206349081058,-0.1442809159084067,0.17474755781554613,0.08841199569672122,-0.02451968551965416,-0.0201805340459462,0.011895004137104915,1.0321933390740136e-16,-5.329112020489815e-17,1.8529574776418727e-17,PUBCHEM_135398597,deoxyguanosine monophosphate,5,DNA/deoxyribonucleotide systems,135398597,LTFMZDNNPPEQNG-KVQBGUIXSA-N,,C1[C@@H]([C@H](O[C@H]1N2C=NC3=C2N=C(NC3=O)N)COP(=O)(O)O)O,Nc1nc2c(ncn2[C@H]2C[C@H](O)[C@@H](COP(=O)(O)O)O2)c(=O)[nH]1,C10H14N5O7P
10.209105650350459,-0.0013492130066631845,-0.036813338537468536,0.5392863830105523,-0.6804210282804636,-1.6781565943967058,0.8591065806292272,-0.4773835826481131,-0.28575503475604697,-0.5184676413699523,-0.09972352831387535,-0.045419904300313424,0.13316130295138193,0.010601015013890516,-0.00555434352686777,0.016805470857766514,-0.005667241246270967,3.895894345123337e-17,4.713637267918921e-17,1.2898454663378358e-17,PUBCHEM_135398599,deoxyguanosine triphosphate,5,DNA/deoxyribonucleotide systems,135398599,HAAZLUGHYHWQIW-KVQBGUIXSA-N,,C1[C@@H]([C@H](O[C@H]1N2C=NC3=C2N=C(NC3=O)N)COP(=O)(O)OP(=O)(O)OP(=O)(O)O)O,Nc1nc2c(ncn2[C@H]2C[C@H](O)[C@@H](COP(=O)(O)OP(=O)(O)OP(=O)(O)O)O2)c(=O)[nH]1,C10H16N5O13P3
8.869639677524505,-0.28934975003996816,0.5579811114242228,-0.04361222636567513,-0.4240226874366384,-0.6268391394211308,0.760369536821299,-0.018246375901236907,-0.16495512690787487,0.03905788052374801,-0.09735176394299443,-0.01438552598570347,0.12390153714828073,0.046612710238612944,0.0013580037209927898,0.001430301403199558,-0.001374150639133102,-1.3416012870622206e-16,1.0626674886170076e-17,8.601118485431319e-18,PUBCHEM_135398619,guanosine diphosphate,4,RNA/ribonucleotide systems,135398619,QGWNDRXFNXRZMB-UUOKFMHZSA-N,,C1=NC2=C(N1[C@H]3[C@@H]([C@@H]([C@H](O3)COP(=O)(O)OP(=O)(O)O)O)O)N=C(NC2=O)N,Nc1nc2c(ncn2[C@@H]2O[C@H](COP(=O)(O)OP(=O)(O)O)[C@@H](O)[C@H]2O)c(=O)[nH]1,C10H15N5O11P2
6.942206963120439,-0.24250952246656388,1.3828419099948326,-0.6209342510640454,-0.32637302980099386,0.4316966498438129,0.4638385487883786,0.1881230753594739,-0.11932342367955578,0.19768490394343813,-0.063376031531462,-0.06381603178975037,0.14469466458036292,0.08551820058002836,-0.008124667275400567,-0.017062701048656967,0.007406972052554621,-3.0376706000319017e-18,3.740876672514194e-17,-2.462581264550183e-17,PUBCHEM_135398631,guanosine monophosphate,4,RNA/ribonucleotide systems,135398631,RQFCJASXJCIDSX-UUOKFMHZSA-N,,C1=NC2=C(N1[C@H]3[C@@H]([C@@H]([C@H](O3)COP(=O)(O)O)O)O)N=C(NC2=O)N,Nc1nc2c(ncn2[C@@H]2O[C@H](COP(=O)(O)O)[C@@H](O)[C@H]2O)c(=O)[nH]1,C10H14N5O8P
10.79707239192857,-0.3361899776133723,-0.2668796871463876,0.5337097983326947,-0.5216723450722827,-1.6853749286860735,1.0569005248542191,-0.2246158271619479,-0.2105868301361941,-0.11956914289594262,-0.1313274963545274,0.03504497981834284,0.10310840971619825,0.007707219897196918,0.010840674717385564,0.019923303855056335,-0.010155273330820879,-3.074825458042272e-17,2.1668378169897458e-16,-3.8846054363620306e-17,PUBCHEM_135398633,guanosine triphosphate,4,RNA/ribonucleotide systems,135398633,XKMLYUALXHKNFT-UUOKFMHZSA-N,,C1=NC2=C(N1[C@H]3[C@@H]([C@@H]([C@H](O3)COP(=O)(O)OP(=O)(O)OP(=O)(O)O)O)O)N=C(NC2=O)N,Nc1nc2c(ncn2[C@@H]2O[C@H](COP(=O)(O)OP(=O)(O)OP(=O)(O)O)[C@@H](O)[C@H]2O)c(=O)[nH]1,C10H16N5O14P3
1.2474085565123403,-0.7061298818385073,3.224826664539865,-1.322221412491478,-0.617657248632797,-0.4249338673477308,0.15239365871378172,0.7193801934870473,-0.6778446437243173,0.05908638161205086,-0.09978176443698986,-0.12589279011604684,0.19522954047334168,0.016402931732793384,-5.9221587896524384e-05,0.06313816434137155,0.012345598319368645,-2.507933359583647e-16,7.106100958877925e-17,-5.022907881304047e-18,PUBCHEM_135398634,guanine,2,Prebiotic building blocks,135398634,UYTPUPDQBNUYGX-UHFFFAOYSA-N,,C1=NC2=C(N1)C(=O)NC(=N2)N,Nc1nc2nc[nH]c2c(=O)[nH]1,C5H5N5O
5.1071171659516414,-0.22730101827169097,2.199955465553556,-1.1937281108263114,-0.24168001669082834,1.489242501676002,0.23278884895069651,0.3950350702073072,-0.09674306268968401,0.390467428515948,0.07858941785718457,0.15100123879344787,0.1122636949112623,0.04142919620611289,0.03393448517216299,-0.01280539809626837,0.007785597005453143,-3.011724310271689e-16,-4.268229162927165e-17,4.474724022502861e-18,PUBCHEM_135398635,guanosine,2,Prebiotic building blocks,135398635,NYHBQMYGNKIUIF-UUOKFMHZSA-N,,C1=NC2=C(N1[C@H]3[C@@H]([C@@H]([C@H](O3)CO)O)O)N=C(NC2=O)N,Nc1nc2c(ncn2[C@@H]2O[C@H](CO)[C@@H](O)[C@H]2O)c(=O)[nH]1,C10H13N5O5
0.5808595529789417,-0.5598143958432745,3.0741293422381557,-1.2162542703153403,-0.7248835350605838,-0.3574999172114375,-0.2396853520188069,0.16370534841600964,-0.7961139013564219,0.03793227824382946,-0.2739908347038997,-0.10800171281167426,0.2658261598728526,0.024462906591098548,-0.05978682667634719,0.003716543799928372,0.023614474889623614,-4.40172886200577e-16,9.113130598226168e-18,1.775897207066642e-17,PUBCHEM_135398638,hypoxanthine,2,Prebiotic building blocks,135398638,FDGQSTZJBFJUBT-UHFFFAOYSA-N,,C1=NC2=C(N1)C(=O)NC=N2,O=c1[nH]cnc2nc[nH]c12,C5H4N4O
4.440568162418244,-0.08098553227645833,2.0492581432518464,-1.0877609686501744,-0.34890630311861465,1.5566764518122955,-0.15929016178189162,-0.1606397748637299,-0.21501232032178808,0.36931332514772625,-0.09561965240972539,0.16889231609782054,0.18286031431077265,0.04948917106441767,-0.025793119916288014,-0.07222701863771147,0.019054473575708143,-1.0821247050889491e-16,-6.713675796459253e-17,2.079940078306702e-17,PUBCHEM_135398641,inosine,2,Prebiotic building blocks,135398641,UGQMRVRMYYASKQ-KQYNXXCUSA-N,,C1=NC2=C(C(=O)N1)N=CN2[C@H]3[C@@H]([C@@H]([C@H](O3)CO)O)O,O=c1[nH]cnc2c1ncn2[C@@H]1O[C@H](CO)[C@@H](O)[C@H]1O,C10H12N4O5
-0.634105741557445,0.631270725015149,-0.7676356142884027,-0.13319331625818778,0.363730923875456,-0.1444379456987059,-0.11274150291519722,0.5058905554158685,-0.08181848205312875,0.06634324987936663,0.059978889818202284,0.19238716279245327,0.07061914639228921,-0.08100991735498442,0.009218833868329722,-0.07771602477843252,-0.003164108118954809,-2.0590247495766887e-17,-2.501922952177795e-17,3.136119270740379e-17,PUBCHEM_137,aminolevulinic acid,3,Pre-nucleic/functional systems,137,ZGXJTSGNIOSYLO-UHFFFAOYSA-N,,C(CC(=O)O)C(=O)CN,NCC(=O)CCC(=O)O,C5H9NO3
2.8052211752120564,0.1677782898414727,0.943566276232233,-0.7219565515793637,-0.1145175843957631,1.4876465214601002,-0.23536348589696968,-0.1777786784868263,0.3263448762847849,-0.09391252088959393,0.26956614387449895,0.1952752986913955,-0.15977683502748027,-0.02963707389548393,0.017866320862566055,-0.019689873329895764,0.013767445777185024,-9.199302829537197e-17,-6.458869263200132e-17,7.27445313281096e-18,PUBCHEM_13711,deoxycytidine,5,DNA/deoxyribonucleotide systems,13711,CKTSBUTUHBMZGZ-SHYZEUOFSA-N,,C1[C@@H]([C@H](O[C@H]1N2C=CC(=NC2=O)N)CO)O,Nc1ccn([C@H]2C[C@H](O)[C@@H](CO)O2)c(=O)n1,C9H13N3O4
4.022515677576558,0.3307657518976207,2.627626869942802,-1.1932411880321034,-0.5369525791484425,1.5370856549973773,-0.09356184083874487,-0.07599098044255218,-0.2803345419890391,-0.36397352023886576,0.171196031910955,0.2795820073877426,0.09874149802291772,-0.025394986676741227,0.0465261490570207,-0.04614409284077631,-0.010153247610996272,6.303637216148162e-16,-1.419784934763575e-16,1.782720027492257e-17,PUBCHEM_13730,deoxyadenosine,5,DNA/deoxyribonucleotide systems,13730,OLXZPDWKRNYJJZ-RRKCRQDMSA-N,,C1[C@@H]([C@H](O[C@H]1N2C=NC3=C(N=CN=C32)N)CO)O,Nc1ncnc2c1ncn2[C@H]1C[C@H](O)[C@@H](CO)O1,C10H13N5O3
4.640310972380854,0.1525697856466,0.12645272067351102,-0.14916269181709757,-0.19921059750592865,0.4301006696279107,-0.004313786059287868,-0.38469067333466,0.3037645152949126,-0.2866950454621036,0.12760069448585185,-0.01954197189180312,-0.12734586535837966,0.014451930478431331,-0.024192831584997528,-0.023947176282283458,0.013388820824286963,-2.606649562326736e-16,-5.451721987797283e-17,2.221380311309309e-17,PUBCHEM_13945,deoxycytidine monophosphate,5,DNA/deoxyribonucleotide systems,13945,NCMVOABPESMRCP-SHYZEUOFSA-N,,C1[C@@H]([C@H](O[C@H]1N2C=CC(=NC2=O)N)COP(=O)(O)O)O,Nc1ccn([C@H]2C[C@H](O)[C@@H](COP(=O)(O)O)O2)c(=O)n1,C9H14N3O7P
-1.7696084712035454,-1.3197630887335199,-0.020619347031553496,-0.3330031092143006,0.030816681314631108,-0.8364550651675784,-0.21594401813269903,0.29623447451220297,0.43900091702491945,0.1810576901827579,0.47739204634649596,-0.1688604145334885,0.199376078722918,-0.1027380200983158,0.08753603903559246,-0.03646528440902704,-0.007127753879567627,-2.3391177327628558e-17,-3.3881901767516036e-17,3.155625447050838e-17,PUBCHEM_14013,ammonium bicarbonate,1,Simple organic chemistry,14013,ATRRKUHOCOJYRX-UHFFFAOYSA-N,,C(=O)(O)[O-].[NH4+],O=C([O-])O.[NH4+],CH5NO3
-0.5221851046194048,0.3686929258378262,-0.26864605322285007,-0.5522987323177707,0.11080322652618171,1.561288111036285,0.3119408506549354,-0.9111916177853516,0.9916668091765188,-0.5031264043503956,0.16924617344290202,-0.20134593803569212,0.15108886565863744,0.09529306067345729,0.036541376304584296,0.011299306979252348,-0.026683454173402007,-1.5599460169688675e-16,-3.297944242488377e-17,1.938519818098516e-17,PUBCHEM_145742,proline,2,Prebiotic building blocks,145742,ONIBWKKTOPOVIA-BYPYZUCNSA-N,,C1C[C@H](NC1)C(=O)O,O=C(O)[C@@H]1CCCN1,C5H9NO2
9.712470903553486,0.2218767925559401,0.1607917172428595,0.5341967211269029,-0.816944907529897,-1.6375317753646985,0.7305498350647779,-0.6956418778118078,-0.3941783094355495,-0.8740100916507566,-0.03872088230075652,0.16362574841263736,0.08958621282785399,-0.0591169629856567,0.02343233860224407,-0.013415390889452133,-0.028094117947270167,-2.0812035187210233e-17,-1.416911721624195e-16,4.0003598401623816e-17,PUBCHEM_15993,deoxyadenosine triphosphate,5,DNA/deoxyribonucleotide systems,15993,SUYVUBYJARFZHO-RRKCRQDMSA-N,,C1[C@@H]([C@H](O[C@H]1N2C=NC3=C(N=CN=C32)N)COP(=O)(O)OP(=O)(O)OP(=O)(O)O)O,Nc1ncnc2c1ncn2[C@H]1C[C@H](O)[C@@H](COP(=O)(O)OP(=O)(O)OP(=O)(O)O)O1,C10H16N5O12P3
4.594024351669801,0.0015424609439988505,0.025550669927901573,-0.2539537946127231,-0.0862978746112688,0.42663939415378893,0.4863477162495604,-0.2746410707125091,0.4895766026691664,-0.03515291626869892,-0.03055669770777003,-0.03702284353888555,0.10361458714808491,0.07510473231610404,0.02371159765596927,-0.003755440310925197,-0.016228533742812964,-6.059044708189185e-17,-6.900303928793967e-17,3.29281938299761e-17,PUBCHEM_161500,aminoimidazole ribonucleotide,3,Pre-nucleic/functional systems,161500,PDACUKOKVHBVHJ-XVFCMESISA-N,,C1=C(N(C=N1)[C@H]2[C@@H]([C@@H]([C@H](O2)COP(=O)(O)O)O)O)N,Nc1cncn1[C@@H]1O[C@H](COP(=O)(O)O)[C@@H](O)[C@H]1O,C8H14N3O7P
2.4616780663876625,1.3849439234606893,0.22280207611268757,1.934119234574459,-1.1776285618971216,3.3309545692127367,-0.14406378042698106,-0.4290613378400254,2.1522760518082724,-0.8772156701455277,0.17163508659954216,-0.5126312545710234,0.4186228885904895,-0.06978886474124676,-0.01334997866957402,-0.05494987284053047,-0.04759824885595035,-1.2910866331097298e-17,-1.4020268470262365e-16,3.615062965568459e-17,PUBCHEM_171548,biotin,2,Prebiotic building blocks,171548,YBJHBAHKTGYVGT-ZKWXMUAHSA-N,,C1[C@H]2[C@@H]([C@@H](S1)CCCCC(=O)O)NC(=O)N2,O=C(O)CCCC[C@@H]1SC[C@@H]2NC(=O)N[C@@H]21,C10H16N2O3S
-2.166494316412373,0.2823386302716122,-1.0115991826069495,-0.4871585097614538,0.5106528040980172,0.4933461829813462,1.0788620096219987,-0.35880647238202384,-0.3396136985446922,0.3028180147159995,-0.21031021645854073,0.08105310644329564,0.17541757942345554,0.02905861227656423,0.04940632545723235,0.0163804410435068,-0.006633849092547633,-5.761877499432953e-17,-5.766067637445163e-17,9.48531279531247e-18,PUBCHEM_174,ethylene glycol,1,Simple organic chemistry,174,LYCAIKOWRPUZTN-UHFFFAOYSA-N,,C(CO)O,OCCO,C2H6O2
-2.564243638711634,-0.19171663028619304,-0.39818355394238186,-0.3574508089112157,0.08974864595662711,-0.10525743461112526,0.11061975348826526,-0.5264243803625324,-0.04182663287223396,0.0870562722269528,0.1658682927339634,-0.1263168337851976,0.06097289967333884,0.011836804363023787,-0.05369147220130771,-0.004860451028078296,0.01571465913560806,-1.3535917193738077e-17,-2.4634952056018453e-17,7.347127428282428e-18,PUBCHEM_176,acetic acid,1,Simple organic chemistry,176,QTBSBXVTEAMEQO-UHFFFAOYSA-N,,CC(=O)O,CC(=O)O,C2H4O2
-3.0219300509676246,-0.08371792964542324,-0.24365708668938413,-0.37889323138431746,0.01706445002395002,0.009644381530962792,-0.03693663332086388,-0.6713997031498969,-0.1789882644785164,-0.25714527971875056,0.07886980695237203,0.09831945422309064,-0.05747532790786863,-0.07344452508624577,-0.028461314224053826,-0.00971888733053425,0.022232570210128064,-6.000328290762468e-17,-1.414482757390392e-17,1.1477085147435949e-17,PUBCHEM_177,acetaldehyde,1,Simple organic chemistry,177,IKHGUXGNUITLKF-UHFFFAOYSA-N,,CC=O,CC=O,C2H4O
-2.449088577267682,-0.27081332952564796,-0.10740401094679908,-0.5031930675628682,0.16916615789246603,-0.024981112781999246,0.29300357420784495,-0.08563629068971623,-0.04666257881875554,-0.2617021025434793,0.07217139989730531,-0.15974156023168726,-0.09449971882726962,0.011628752080898965,-0.027694221435952585,-0.017126887585393318,0.0036040441590627294,-2.981971101404175e-17,-3.292741253549561e-17,2.780598744478781e-17,PUBCHEM_178,acetamide,1,Simple organic chemistry,178,DLFVBJFMPXGRIB-UHFFFAOYSA-N,,CC(=O)N,CC(N)=O,C2H5NO
-1.96393042001024,0.5081943667313655,-0.6894011637463794,-0.297019982912183,0.2370792605483788,0.2541911365104785,0.1793606391147378,-0.4560845636254261,-0.3233982167556363,0.12086461778133138,0.12412262236104955,0.05897116251067815,-0.2112936897272481,-0.02724498518098551,-0.012230763012681086,-0.0020640339427306816,0.005799495723717188,1.7141560433664621e-18,6.245181839116986e-17,-1.3749807699079563e-17,PUBCHEM_179,acetoin,1,Simple organic chemistry,179,ROWKJAVDOGWPAT-UHFFFAOYSA-N,,CC(C(=O)C)O,CC(=O)C(C)O,C4H8O2
-2.8121248962383487,0.35610463665177783,-0.35343866745952673,-0.36852112523738106,0.06033074887484154,0.21380991769523275,0.07371561681104914,-0.7549038733947037,-0.34863275194394117,-0.24200791214992062,0.17794617127177836,-0.02109356080707006,-0.19698397419027744,-0.029670312106210038,-0.03610673351767177,-0.0026770241854648133,0.013581171600083462,-5.7199776650078e-17,2.2236300098723966e-17,1.9175508034731253e-17,PUBCHEM_180,acetone,1,Simple organic chemistry,180,CSCPPACGZOOCGX-UHFFFAOYSA-N,,CC(=O)C,CC(C)=O,C3H6O
0.7507738097153686,-0.482903876275905,3.4224317203201933,-1.3273110743751269,-0.7541811278822307,-0.38430904831572343,0.023836913149332103,0.501121898323353,-0.7862679184038195,-0.296456068668753,-0.038779118423870766,0.08315286259690421,0.15165445034981417,-0.053315046266753305,0.028927460541214922,0.03291730259415334,-0.010081278381630395,-1.79622808333445e-16,-8.266558058525453e-19,8.414840842661136e-18,PUBCHEM_190,adenine,2,Prebiotic building blocks,190,GFFGJBXGBJISGV-UHFFFAOYSA-N,,C1=NC2=NC=NC(=C2N1)N,Nc1ncnc2nc[nH]c12,C5H5N5
-2.162576130813343,0.37544445457413017,1.5607605576629544,-0.5422496407335811,-0.7649268306126622,-0.37247623506282235,-1.363444003680727,-1.174121257847662,-0.12628350652395773,0.258154742782181,-0.2933272452893582,-0.18659090599694886,-0.18656274409322732,-0.09379182095295144,0.06347593103427522,0.0677170001129576,-0.01699361762905483,2.6477953180287798e-18,2.0733821206125478e-17,8.054760893513674e-18,PUBCHEM_241,benzene,1,Simple organic chemistry,241,UHOVQNZJYSORNB-UHFFFAOYSA-N,,C1=CC=CC=C1,c1ccccc1,C6H6
-2.4942799398463475,0.98581622898717,-0.531322153711404,-0.24198298921727118,0.09663800772015622,0.20532980348943872,-0.09354630252616696,-0.609259594120454,-0.3650046152589722,-0.3428970400604795,0.028220406380132592,0.0790253666965065,-0.014000081116538068,-0.04994023560698335,-0.0126174919561666,-0.021700222247998776,0.012069329029664228,-1.2191155566947086e-17,7.2066865703041e-17,-1.152595844444869e-18,PUBCHEM_261,butyraldehyde,1,Simple organic chemistry,261,ZTQSAGDEMFDKMZ-UHFFFAOYSA-N,,CCCC=O,CCCC=O,C4H8O
-2.0365935275903553,0.8778175283464004,-0.6858486209644019,-0.2205405667441695,0.16932220365283338,0.09042798734735047,0.05401008428296255,-0.4642842713330896,-0.22784298365268962,0.0013045118852239989,0.11521889216172367,-0.14561092131178177,0.10444814646466945,0.035341093842285946,-0.03784764993342054,-0.016841785945542948,0.005551417955144114,-4.027710991066498e-17,1.4062617414909972e-17,-4.331908176739128e-18,PUBCHEM_264,butyric acid,1,Simple organic chemistry,264,FERIUCNNQQJTOY-UHFFFAOYSA-N,,CCCC(=O)O,CCCC(=O)O,C4H8O2
-2.3169858266071843,-1.1089447904742362,0.9903592926475043,1.68734201589838,-1.106371408958182,0.018013805702104167,0.48689911196169794,1.1404137906730336,0.5548377674369284,-0.03403337448301959,-0.10437751556964603,-0.41527029023044787,-0.1286315737336217,-0.23578527697963297,-0.057906970652430396,0.07005454814025935,0.011911973579478595,-6.024528704109628e-17,-7.927833449018225e-17,-1.3516802375256841e-17,PUBCHEM_2723790,thiourea,2,Prebiotic building blocks,2723790,UMGDCJDMYOKAJW-UHFFFAOYSA-N,,C(=S)(N)N,NC(N)=S,CH4N2S
1.500284945520861,-0.32687674117801235,-1.4805718491027067,-0.4445485811491783,0.6654934213624549,1.8108951770481443,0.9268619835315325,-0.5602279343878502,0.9400938445775349,1.1050131383749187,0.16100334813223705,0.21997614320753692,-0.059193674169401696,0.03361586817433594,0.14958382619722463,0.02695823073063872,-0.045181061371506785,-1.691225125201461e-16,8.700145085901776e-17,1.464920185189559e-18,PUBCHEM_2723872,fructose,2,Prebiotic building blocks,2723872,LKDRXBCSQODPBY-VRPWFDPXSA-N,,C1[C@H]([C@H]([C@@H](C(O1)(CO)O)O)O)O,OCC1(O)OC[C@@H](O)[C@@H](O)[C@@H]1O,C6H12O6
-2.203851731573836,-1.349440379837327,0.086729312388068,-0.37714599368531365,0.026936354954829492,-0.6467318229204165,-0.37232050430171737,0.22493509960380598,0.275544294218554,-0.1484795660854271,0.23297452001043253,0.08650363985994129,0.017099124809954534,-0.1890848004458128,0.10496960258612467,-0.06610660275258289,0.0025345952304382992,-5.873163963666576e-17,-1.0081331060594993e-16,5.053179685635851e-17,PUBCHEM_2723923,ammonium formate,1,Simple organic chemistry,2723923,VZTDIZULWFCMLS-UHFFFAOYSA-N,,C(=O)[O-].[NH4+],O=C[O-].[NH4+],CH5NO2
-2.6512435782927053,-0.09933414725681275,0.44083354947016823,1.7530331108676103,-1.040911214913834,0.6587500991763334,0.7783638531141197,0.3512942098209214,-0.09172845335769378,-0.06913847711431229,-0.02344369952351359,-0.35059735450490065,-0.18316026351700815,-0.22562015958502812,-0.06279181174849768,0.056617813906773,0.007585286633174991,-6.926880844768407e-17,-3.801491488156842e-17,-1.4856392974548496e-18,PUBCHEM_2723949,thioacetamide,3,Pre-nucleic/functional systems,2723949,YUKQRDCYNOVPGJ-UHFFFAOYSA-N,,CC(=S)N,CC(N)=S,C2H5NS
-1.2173701023944263,1.543843876237336,-0.436142408188743,-0.4549084000326051,0.4703590915156562,0.3624622881799648,0.7989464017990133,0.6201511930470098,-0.19423117532169434,-0.4879565779194015,-0.16568623516363593,0.012676856614770571,-0.011866106267335327,0.006662215585882984,0.13551015117019313,0.053122771046722174,-0.03360209980201191,-6.195022693311889e-18,-2.491030407602333e-17,1.4054502669257062e-18,PUBCHEM_273,cadaverine,3,Pre-nucleic/functional systems,273,VHRGRCVQAFMJIZ-UHFFFAOYSA-N,,C(CCN)CCN,NCCCCCN,C5H14N2
0.626801220686479,0.04381253617394859,-0.7245278337579011,-0.1241735942678425,0.4872688650224128,-0.5761608366156087,-0.015898121248129813,1.2837451149503218,0.30820191868324454,0.47927459993188376,0.271948248257044,-0.3113747867376224,0.17328736373486311,0.1432044572222709,-0.1933857678255525,-0.09845422198013712,0.022273095178923813,6.297825517911386e-17,5.290125924832821e-17,1.5713138851569686e-17,PUBCHEM_279,ureidosuccinic acid,3,Pre-nucleic/functional systems,279,HLKXYZVTANABHZ-UHFFFAOYSA-N,,C(C(C(=O)O)NC(=O)N)C(=O)O,NC(=O)NC(CC(=O)O)C(=O)O,C5H8N2O5
-2.8028273607260563,-1.014231873623392,0.015089113492368968,-0.29884206770189586,-0.12781325595623652,-0.7113682337723927,-0.510785195192865,-0.32306821197060126,0.4724139022626276,0.1267181976829741,0.09163288374289784,0.06707124494403337,0.15252598037612633,-0.08340159019872542,-0.049573723893341685,0.01598428346026706,0.03866987213297703,-8.795900025954476e-17,-5.864313179717613e-17,-1.7012019467610334e-18,PUBCHEM_284,formic acid,1,Simple organic chemistry,284,BDAGIHXWWSANSR-UHFFFAOYSA-N,,C(=O)O,O=CO,CH2O2
-1.0447101699995933,0.021286937277346773,1.2095804329408528,-0.5019693630464843,-0.6064664370009988,-0.5607758159578755,-0.9451124346300974,-0.8400088746811737,0.08584800515057622,1.0225762565426832,0.007366682569745661,-0.09357337200022008,-0.09597469584478621,-0.09374631219194926,0.11308238550259486,0.12090952376813664,-0.03869641937657212,1.8952560119864163e-16,5.1950246807428804e-17,-6.01232473396379e-18,PUBCHEM_289,catechol,1,Simple organic chemistry,289,YCIMNLLNPGFGHC-UHFFFAOYSA-N,,C1=CC=C(C(=C1)O)O,Oc1ccccc1O,C6H6O2
-0.5054446153397868,3.397573185572185,-1.0025598660341661,0.31435568499823074,0.09431079122990171,-0.04601722017181777,-1.035173780721538,-0.06213034757993593,-0.1656191501890704,-0.15731204169523016,0.007984410036018698,-0.07033806923320854,0.14855386879534244,0.013218435432988129,0.0033340090960677802,-0.0025899149577887793,0.000808560310936716,-8.529645064502301e-17,-3.8253758961828906e-17,4.808115423695917e-19,PUBCHEM_2969,capric acid,2,Prebiotic building blocks,2969,GHVNFZFCNZKVNT-UHFFFAOYSA-N,,CCCCCCCCCC(=O)O,CCCCCCCCCC(=O)O,C10H20O2
-2.4843379606635914,1.3167729940725832,-0.7400746179013268,-0.2841665376435933,0.20841028191826635,0.5085693687646409,0.28488516334509023,-0.7228305247095042,-0.6107397006934759,-0.38554620385351623,-0.0025126784588144794,0.05152474236775858,-0.005582157191408579,0.022699823838406383,-0.06131647778669868,0.013000320639792786,0.04424992889115014,-5.467705644022543e-17,3.911820102842977e-17,-1.960736117854047e-18,PUBCHEM_3283,diethyl ether,1,Simple organic chemistry,3283,RTZKZFJDLAIYFH-UHFFFAOYSA-N,,CCOCC,CCOCC,C4H10O
-1.8814116277770259,-1.4011553156326344,3.9934978918208857,3.2850409144035155,8.22814270574245,-1.216839875498261,0.40889636803932666,-0.6145061492424106,1.1895883847032076,-0.3367638870650308,0.009079426317214773,-0.2587054562622493,0.16742369008398153,0.18553376965860818,0.030497476132604742,0.05848189327358375,0.02276182526913527,8.52668217037542e-17,-4.0981622051367395e-17,-1.243589938723909e-17,PUBCHEM_32838,guanidinium,3,Pre-nucleic/functional systems,32838,ZRALSGWEFCBTJO-UHFFFAOYSA-O,,C(=[NH2+])(N)N,NC(N)=[NH2+],CH6N3+
-0.17659459467671837,0.5227658297257091,-0.9222854813800402,-0.11186996458142304,0.4365865861953755,-0.25920851044905113,0.03493483720824444,0.6509817504279095,0.055338782511451655,0.4106126894607411,0.1465871796534711,-0.031985009122407204,0.1890984411895342,0.0044717625580238665,-0.01610333744708644,-0.07354141081118219,-0.010002963792811665,-1.6496603304770095e-16,2.449030408466043e-17,3.356158275072745e-17,PUBCHEM_33032,glutamic acid,2,Prebiotic building blocks,33032,WHUUTDBJXJRKMK-VKHMYHEASA-N,,C(CC(=O)O)[C@@H](C(=O)O)N,N[C@@H](CCC(=O)O)C(=O)O,C5H9NO4
-1.8987948013047007,-1.1026887912655396,0.8205344190886036,-0.7233003580723992,0.1003986095335647,-0.7888361832774634,0.4359411024855752,1.130755034050967,0.9022661523416632,-0.2942856421435647,0.10700594061561305,-0.38993336242876964,-0.04297615213503725,0.05832044683744315,0.033252188287305896,0.1016253310754355,-0.022199435029246223,-1.646583768555703e-17,-6.906288851592313e-17,7.934278478452648e-18,PUBCHEM_3520,guanidine,3,Pre-nucleic/functional systems,3520,ZRALSGWEFCBTJO-UHFFFAOYSA-N,,C(=N)(N)N,N=C(N)N,CH5N3
-1.0136691935435906,2.58635658394159,-0.919751282510757,0.1308833708657114,0.132386765600527,0.02961041039268,-0.6338060399955127,-0.2051705553586881,-0.2122051315854847,-0.10854980414527589,0.041866165761628125,-0.1009771497034964,0.13744862877025626,0.02445246852138271,-0.010128635256504474,-0.00943203344287993,0.001316726779956364,5.464983807104745e-17,-8.255590187326307e-17,6.908414592667965e-18,PUBCHEM_379,octanoic acid,2,Prebiotic building blocks,379,WWZKQHOCKIZLMA-UHFFFAOYSA-N,,CCCCCCCC(=O)O,CCCCCCCC(=O)O,C8H16O2
0.0020604986818887295,4.199222470276781,-1.0777811723909603,0.4995525203146564,0.05187742678272733,-0.13169348231124012,-1.4493103389112933,0.08390616015249444,-0.11041826760092022,-0.20470429691956296,-0.02527632180638222,-0.03784961217044395,0.15846021968093774,0.000697797805050346,0.016708461673998656,0.0049493684681379685,0.0006579892016001312,-6.212627944717814e-20,-1.91479493349134e-17,-1.120160587861599e-17,PUBCHEM_3893,lauric acid,2,Prebiotic building blocks,3893,POULHZVOKOAJMA-UHFFFAOYSA-N,,CCCCCCCCCCCC(=O)O,CCCCCCCCCCCC(=O)O,C12H24O2
-0.5951058517496153,0.5970586256128525,-0.6062149842441193,-0.38520266688863214,0.552854651311975,0.017734477372147957,0.682552341931873,0.9697038594548711,0.04742392026223588,-0.048699761852651444,-0.19000737429702433,0.16789456444662806,0.12792696084994618,0.03073052614494215,-0.01781272038244443,0.021771952685482345,0.018127924259834175,-2.9222145539869963e-17,-2.158404772146539e-17,-7.156517893776218e-18,PUBCHEM_428913,N-(2-aminoethyl)glycine,3,Pre-nucleic/functional systems,428913,PIINGYXNCHTJTF-UHFFFAOYSA-N,,C(CNCC(=O)O)N,NCCNCC(=O)O,C4H10N2O2
-0.6725872279947425,0.124581227464808,-1.2933851382734631,-0.2091332634374507,0.5910200213374145,0.12746388191918528,0.42460257941858415,0.2485205251045037,-0.10593382824119338,0.7888674083580784,-0.19370748581706887,0.4206749912635331,0.06305088733740132,-0.08441101696349053,0.05266786541552426,-0.028181256228903103,0.0007079785967484447,-9.826322826474345e-17,5.100314159602004e-18,2.1695052647354022e-17,PUBCHEM_439665,threose,3,Pre-nucleic/functional systems,439665,YTBSYETUWUMLBZ-QWWZWVQMSA-N,,C([C@H]([C@@H](C=O)O)O)O,O=C[C@@H](O)[C@H](O)CO,C4H8O4
1.4594265184030848,6.259914097416981,-1.1256116507762306,1.0222647458507688,-0.13797451952368464,-0.46658905791014726,-2.8223034211294435,0.49630297460772405,0.15167640901751303,-0.2545936678480459,-0.04416659016287973,-0.0018968857284717773,-0.018699959952107277,-0.04644081953061864,0.030749442226038086,0.048790689447008845,0.002897961408684436,-1.565456017991431e-16,7.346530211455175e-17,-1.0423886849730844e-17,PUBCHEM_445639,oleic acid,2,Prebiotic building blocks,445639,ZQPPMHVWECSIRJ-KTKRTIGZSA-N,,CCCCCCCC/C=C\CCCCCCCC(=O)O,CCCCCCCC/C=C\CCCCCCCC(=O)O,C18H34O2
6.820652449502926,1.1221226725388633,1.1000494540859755,-0.4762835144106786,-0.22470576536815862,2.569969014806348,-1.4862487387663856,0.05247993537887038,1.8229622747803313,-0.07278544710543645,0.5275133012055923,-0.027150513070835186,-0.6460287242626503,-0.009169861496510332,0.027143845762427943,0.0333033318436496,-0.008380178159599877,1.1231210858892955e-16,3.4382307916805853e-16,-7.93616455775524e-17,PUBCHEM_493570,riboflavin,2,Prebiotic building blocks,493570,AUNGANRZJHBGPY-SCRDCRAPSA-N,,CC1=CC2=C(C=C1C)N(C3=NC(=O)NC(=O)C3=N2)C[C@@H]([C@@H]([C@@H](CO)O)O)O,Cc1cc2nc3c(=O)[nH]c(=O)nc-3n(C[C@H](O)[C@H](O)[C@H](O)CO)c2cc1C,C17H20N4O6
-1.9652680095594135,-0.5269251365001285,-0.3265433550466829,-0.43575473489463284,0.24449825686769286,-0.040621023759149305,0.24908444437941316,0.02157893121187454,-0.2386962409163071,-0.18814149154144846,0.3072099290014981,-0.10688443886928953,-0.07445395589283288,-0.0938464058840636,0.10085185427815872,-0.0869513372409283,-0.020420617766930493,-3.05295068218648e-17,-1.4253745128828684e-17,4.478895712420352e-17,PUBCHEM_517165,ammonium acetate,1,Simple organic chemistry,517165,USFZMSVCRYTOJT-UHFFFAOYSA-N,,CC(=O)[O-].[NH4+],CC(=O)[O-].[NH4+],C2H7NO2
-2.7545076744963426,0.49888573430087296,-0.4254260060334699,-0.3190607162203263,0.07863817925479964,0.1577302503848254,-0.0013973806048633657,-0.655311148403566,-0.3150709458274239,-0.3068710715177216,0.05043998725020963,0.07942552749741483,-0.029743258814750758,-0.055259357648900505,-0.02009844421690377,-0.019195379493443198,0.015362972821480643,-6.606151253833872e-17,-2.852841819595924e-17,6.497267338512211e-18,PUBCHEM_527,propionaldehyde,1,Simple organic chemistry,527,NBBJYMSMWIIQGU-UHFFFAOYSA-N,,CCC=O,CCC=O,C3H6O
1.5226572695945713,6.57865747925457,-1.2832123523503676,1.0597417494210166,-0.0870423734295942,-0.4155186195959741,-2.72577019338384,0.5300058165595934,0.07815745000815927,-0.34322777639090485,-0.12340245364502786,0.06454742993112125,0.18498223463241614,-0.04029506051754274,0.056596641342081276,0.029426325254810846,0.0011598634994114002,1.2268130059337495e-16,5.960605511181676e-17,-4.5802435431213975e-17,PUBCHEM_5281,stearic acid,2,Prebiotic building blocks,5281,QIQXTHQIDYTFRH-UHFFFAOYSA-N,,CCCCCCCCCCCCCCCCCC(=O)O,CCCCCCCCCCCCCCCCCC(=O)O,C18H36O2
-0.4152373500732617,0.5732424544471051,-1.3689321772849359,-0.12515745169877002,0.5915902894965738,0.1348689087240985,0.2813783876423591,0.306557279202328,-0.12140789290579815,0.7583213691178053,-0.21344297115431193,0.4276723368325317,0.07399850847765158,-0.08423831307974469,0.0597960505776963,-0.0278974392201171,-0.001155283756335604,-8.88461430022665e-17,-9.141822425995637e-18,8.343294111080668e-18,PUBCHEM_5460005,2-deoxyribose,2,Prebiotic building blocks,5460005,ASJSAQIRZKANQN-CRCLSJGQSA-N,,C(C=O)[C@@H]([C@@H](CO)O)O,O=CC[C@H](O)[C@H](O)CO,C5H10O4
2.8394651819183805,0.3739774390080951,0.5907404537278789,-0.5776495658025695,-0.09701101024737321,1.5813128490811568,-0.5777917263904954,-0.5447281661028913,0.2693291194934749,0.2773392927228648,0.1222713860236051,-0.08573155988410948,-0.21244586519895436,0.07126643684170378,-0.08020296485008692,-0.029782158550474117,0.04711938241910288,-2.0755735454306768e-16,-4.21397275633252e-17,2.0144049630252118e-17,PUBCHEM_5789,thymidine,5,DNA/deoxyribonucleotide systems,5789,IQFYYKKMVGJFEH-XLPZGREQSA-N,,CC1=CN(C(=O)NC1=O)[C@H]2C[C@@H]([C@H](O2)CO)O,Cc1cn([C@H]2C[C@H](O)[C@@H](CO)O2)c(=O)[nH]c1=O,C10H14N2O5
1.5001096801455958,-0.3273829358266823,-1.4806952489413474,-0.44466765194551555,0.6656648877496973,1.8110264284398874,0.9269819368458445,-0.5601120621631737,0.9400894775358324,1.10508102601059,0.16061315218591424,0.22024025930096458,-0.059162606953364345,0.03381621863807451,0.14949181285906246,0.026274408395433393,-0.0455020059708437,1.4386726120530305e-16,-2.0707068574074656e-17,1.4103061762800773e-17,PUBCHEM_5793,glucose,2,Prebiotic building blocks,5793,WQZGKKKJIJFFOK-GASJEMHNSA-N,,C([C@@H]1[C@H]([C@@H]([C@H](C(O1)O)O)O)O)O,OC[C@H]1OC(O)[C@H](O)[C@@H](O)[C@@H]1O,C6H12O6
-1.196356335881503,0.1115924653963346,-0.21479893416942591,1.8742608979602353,-0.7244435291114598,0.6535715496987777,1.1514842629026352,0.8797521706404854,-0.006196221455345052,0.5998076463057479,-0.07899216137393347,-0.11861523352321846,0.021682061386366434,-0.21704876664009606,-0.024864866640564705,0.04808064270585469,-0.013951632022236045,6.767839428298252e-17,-6.718891483433171e-17,1.1067566037512195e-18,PUBCHEM_5862,cysteine,2,Prebiotic building blocks,5862,XUJNEKJLAYXESH-REOHCLBHSA-N,,C([C@@H](C(=O)O)N)S,N[C@@H](CS)C(=O)O,C3H7NO2S
-1.6138420528963295,0.09991290389680925,-0.4772553706686107,-0.42855423182383595,0.32828531055468163,0.04949829651963281,0.5337507913556769,0.11788893185464067,-0.08437286171850573,0.07433090051410915,0.15216050869558967,-0.12607440899226832,-0.040621196769083025,0.027250363368603113,0.004219777135090235,0.000451844827212546,-0.009550560399843283,2.0442345783010974e-17,6.443842800084131e-18,8.691562394519538e-18,PUBCHEM_5950,alanine,2,Prebiotic building blocks,5950,QNAYBMKLOCPYGJ-REOHCLBHSA-N,,C[C@@H](C(=O)O)N,C[C@H](N)C(=O)O,C3H7NO2
-0.9680828242009477,-0.0916405684121342,-0.779185658012832,-0.38455133668830144,0.5051699577555783,-0.013930956471885476,0.6563117848504445,0.4701335401072672,0.024361516059566775,0.4082983519846472,-0.006559447420308046,0.05464544733744518,0.09653555815522298,-0.0014328277545187877,0.03671509801827399,-0.012264855148270767,-0.01193584666365927,-1.159789954280903e-16,1.6728784208406224e-17,1.3429326928905346e-17,PUBCHEM_5951,serine,2,Prebiotic building blocks,5951,MTCFGRXMJLQNBG-REOHCLBHSA-N,,C([C@@H](C(=O)O)N)O,N[C@@H](CO)C(=O)O,C3H7NO3
10.300437645131597,-0.11296397205076972,-0.06927463136605941,0.5286201364490459,-0.6581962243217158,-1.6447501096540658,0.9283437792897697,-0.44287412232564194,-0.3190101048156963,-0.4751115931767465,-0.07032485034140817,0.24409063253129368,0.05953331959267055,-0.06201075810234883,0.039827356846497276,-0.01029755789216182,-0.03258215003182,3.779578879594741e-17,1.214047864826796e-16,-1.538775486357765e-17,PUBCHEM_5957,adenosine triphosphate,4,RNA/ribonucleotide systems,5957,ZKHQWZAMYRWXGA-KQYNXXCUSA-N,,C1=NC(=C2C(=N1)N(C=N2)[C@H]3[C@@H]([C@@H]([C@H](O3)COP(=O)(O)OP(=O)(O)OP(=O)(O)O)O)O)N,Nc1ncnc2c1ncn2[C@@H]1O[C@H](COP(=O)(O)OP(=O)(O)OP(=O)(O)O)[C@@H](O)[C@H]1O,C10H16N5O13P3
-0.43826125769097096,0.016700701187412046,-0.8012147793688764,-0.18549864921666553,0.4098719775769204,-0.3269053267035142,0.10154612420208714,0.6109227960521535,0.12250225432647167,0.44937862265474154,0.17004880828996502,-0.027886095136545323,0.1709574852123404,-0.0034205685629786647,-0.0237606732571061,-0.06964223817495603,-0.00599412928162901,-5.99378261621153e-17,-2.0008551601917082e-18,3.196652550689347e-17,PUBCHEM_5960,aspartic acid,2,Prebiotic building blocks,5960,CKLJMWTZIZZHCS-REOHCLBHSA-N,,C([C@@H](C(=O)O)N)C(=O)O,N[C@@H](CC(=O)O)C(=O)O,C4H7NO4
-0.09958179430633785,1.3173443812301735,-0.6882378781537054,-0.2614322972388263,0.5338097945451787,0.04226958365896832,0.4419746853756483,1.0137082044780614,-0.02092223243493641,-0.04797780877529688,-0.020681947494014048,0.010610198259436295,0.03250292755459906,0.0017806796607302464,0.09142939813906671,-0.001136778982673162,-0.03214841450453159,1.1535941592739466e-16,-2.3737371038555665e-17,1.782819738342866e-17,PUBCHEM_5962,lysine,2,Prebiotic building blocks,5962,KDXKERNSBIXSRK-YFKPBYRVSA-N,,C(CCN)C[C@@H](C(=O)O)N,NCCCC[C@H](N)C(=O)O,C6H14N2O2
-0.4713171205299909,-0.7096734511720522,1.7889529743870596,-0.8445296300296781,-0.3607954003065467,-0.5007390590191664,-0.203090181667096,0.4193095333035996,-0.12215582551842318,-0.017261853815339012,0.06373115276106277,0.011175331183735341,-0.11485647696385434,-0.06613449708244776,-0.00032031281751487405,0.06401928837727008,0.01622338407110494,-1.1072774241085696e-16,3.3407104747350754e-17,-1.3270719387850291e-17,PUBCHEM_597,cytosine,2,Prebiotic building blocks,597,OPTASPLRGRRNAP-UHFFFAOYSA-N,,C1=C(NC(=O)N=C1)N,Nc1ccnc(=O)[nH]1,C4H5N3O
8.37300493072753,-0.06612374447736576,0.7555861672045513,-0.048701888249324324,-0.5605465666860714,-0.5862143203891234,0.6318127912568496,-0.23650467106493134,-0.27337840158737736,-0.31648456975705613,-0.036349117929875656,0.1946601267272478,0.08032644702475289,-0.023105267760933194,0.03034468585010433,-0.028790560344019257,-0.023801027340132307,-9.292811320551413e-17,1.0064503158427266e-16,1.178903360054438e-17,PUBCHEM_6022,adenosine diphosphate,4,RNA/ribonucleotide systems,6022,XTWYTFMLZFPYCI-KQYNXXCUSA-N,,C1=NC(=C2C(=N1)N(C=N2)[C@H]3[C@@H]([C@@H]([C@H](O3)COP(=O)(O)OP(=O)(O)O)O)O)N,Nc1ncnc2c1ncn2[C@@H]1O[C@H](COP(=O)(O)OP(=O)(O)O)[C@@H](O)[C@H]1O,C10H15N5O10P2
3.223273660053742,-0.24397299433260625,0.3651975495412772,-0.6164763321974343,0.07352869163406438,1.5072373182750192,-0.30109180684011677,-0.2624274729080041,0.3916670979520356,0.6393743244969985,0.0027504595538186878,0.08458560740147325,-0.07565801873962505,0.04524708384567537,-0.05445294811074239,-0.04577279912683049,0.04297516696388948,3.338255975925023e-17,-1.1194115226451695e-16,1.95676407720531e-17,PUBCHEM_6029,uridine,2,Prebiotic building blocks,6029,DRTQHJPVMGBUCF-XVFCMESISA-N,,C1=CN(C(=O)NC1=O)[C@H]2[C@@H]([C@@H]([C@H](O2)CO)O)O,O=c1ccn([C@@H]2O[C@H](CO)[C@@H](O)[C@H]2O)c(=O)[nH]1,C9H12N2O6
5.05836345722254,-0.2591814985274789,-0.4519160060174453,-0.043682472435167846,-0.01116432147610125,0.4496914664428293,-0.07004210700243509,-0.46933946775583774,0.36908673696216315,0.44659179992448866,-0.1392149898348284,-0.13023166318172533,-0.043227049070524916,0.0893360882195908,-0.0965121005583059,-0.05003010207921826,0.04259654201099167,-1.6327304171686212e-16,-1.53089466375057e-16,3.671526403876999e-17,PUBCHEM_6030,uridine monophosphate,3,Pre-nucleic/functional systems,6030,DJJCXFVJDGTHFX-XVFCMESISA-N,,C1=CN(C(=O)NC1=O)[C@H]2[C@@H]([C@@H]([C@H](O2)COP(=O)(O)O)O)O,O=c1ccn([C@@H]2O[C@H](COP(=O)(O)O)[C@@H](O)[C@H]2O)c(=O)[nH]1,C9H13N2O9P
6.985796171626605,-0.3060217261008834,-1.2767768045880556,0.5336395522632019,-0.10881397911174576,-0.6088443228221136,0.22648888103048545,-0.675708919016549,0.32345503373384427,0.2879647765047987,-0.1731907222463608,-0.08080115737767829,-0.06402017650260687,0.05043059787817565,-0.08702942956191258,-0.03153709962736293,0.03381541931930301,4.1820666867705703e-17,-1.9448904447560314e-17,1.9019331386900586e-18,PUBCHEM_6031,uridine diphosphate,4,RNA/ribonucleotide systems,6031,XCCTYIAWTASOJW-XVFCMESISA-N,,C1=CN(C(=O)NC1=O)[C@H]2[C@@H]([C@@H]([C@H](O2)COP(=O)(O)OP(=O)(O)O)O)O,O=c1ccn([C@@H]2O[C@H](COP(=O)(O)OP(=O)(O)O)[C@@H](O)[C@H]2O)c(=O)[nH]1,C9H14N2O12P2
0.7480596327242939,0.8653400643333103,0.8056790443092724,-0.3582400370437439,-0.26967015951579326,-0.3907388221580544,-0.9724697576144232,0.052953769818046725,-0.09278719972228977,1.0133059078977604,-0.09785830130925287,-0.16533272719694017,-0.18718973274900405,-0.05971743208189614,0.10943688272902345,0.03163336857449151,-0.0551751142073805,1.2473980937290202e-16,-1.0389985755950924e-16,4.042909660126679e-17,PUBCHEM_6057,tyrosine,2,Prebiotic building blocks,6057,OUYCCCASQSFEME-QMMMGPOBSA-N,,C1=CC(=CC=C1C[C@@H](C(=O)O)N)O,N[C@@H](Cc1ccc(O)cc1)C(=O)O,C9H11NO3
-2.2997553603270187,0.5294382989234969,-0.11444900753676716,1.6462943714883285,-0.7007464306099965,1.1747368857182727,1.7638323286006088,0.42626916013587135,-0.35180318817682155,0.13242923064921766,-0.23641692670772563,-0.1535361070174194,0.0012908103542428218,-0.18643513992408656,0.020979721883387776,0.0883968939185426,-0.022557224513378563,-4.0275439223112166e-17,-5.633068277957027e-17,-1.408460004756518e-17,PUBCHEM_6058,cysteamine,3,Pre-nucleic/functional systems,6058,UFULAYFCSOUIOV-UHFFFAOYSA-N,,C(CS)N,NCCS,C2H7NS
6.44557221632347,-0.01928351690396149,1.5804469657751614,-0.6260239129476943,-0.4628969090504272,0.47232146887582005,0.33528180322392925,-0.03013521980422058,-0.22774669835905836,-0.15785754633736568,-0.0023733855183435343,0.1452296209232009,0.10111957445683531,0.015800222580482096,0.020862014853710958,-0.04728356279587564,-0.015019904648444576,-1.9416999703851238e-16,-2.1370170104836893e-17,9.863669805812196e-18,PUBCHEM_6083,adenosine monophosphate,3,Pre-nucleic/functional systems,6083,UDMBCSSLTHHNCD-KQYNXXCUSA-N,,C1=NC(=C2C(=N1)N(C=N2)[C@H]3[C@@H]([C@@H]([C@H](O3)COP(=O)(O)O)O)O)N,Nc1ncnc2c1ncn2[C@@H]1O[C@H](COP(=O)(O)O)[C@@H](O)[C@H]1O,C10H14N5O7P
4.610482419154669,-0.00407501270908842,2.3975605213338826,-1.1988177727099605,-0.3782038959402617,1.5298673207080091,0.10423210338624735,0.1767767750436133,-0.20516633736918588,0.03492497823514397,0.13959206387030346,0.36004689150639885,0.06868860478773464,-0.028288781793433943,0.06292116730127442,-0.043026259843486715,-0.014641279695546116,1.65741857805298e-16,-4.3232879774787984e-17,4.534550976397264e-18,PUBCHEM_60961,adenosine,2,Prebiotic building blocks,60961,OIRDTQYFTABQOQ-KQYNXXCUSA-N,,C1=NC(=C2C(=N1)N(C=N2)[C@H]3[C@@H]([C@@H]([C@H](O3)CO)O)O)N,Nc1ncnc2c1ncn2[C@@H]1O[C@H](CO)[C@@H](O)[C@H]1O,C10H13N5O4
-0.892456046790676,1.2911896104059588,-0.6577705164041323,-0.23462686020279702,0.33599639581902413,0.16489466088717025,0.20260740986917963,0.20316943863285578,-0.18759867388729937,0.04811226525008511,0.18354069688888805,-0.2024983485189163,-0.18725086075926559,0.05551398540157023,0.008068166031957069,0.011347919088922038,-0.01664083814522397,-1.0329493184138879e-16,6.910903758727297e-19,3.309906083107416e-17,PUBCHEM_6106,leucine,2,Prebiotic building blocks,6106,ROHFNLRQFUQHCH-YFKPBYRVSA-N,,CC(C)C[C@@H](C(=O)O)N,CC(C)C[C@H](N)C(=O)O,C6H13NO2
-1.7088545206622399,0.05604626905339381,-0.8100188218953863,-0.30319487842508164,0.3100710583956576,0.03561009995336943,0.3439529504292579,-0.2575680701300361,-0.10274110960128816,0.4362289789019918,0.10583450499114924,-0.06474587639221703,0.05865207553127343,0.02712817668367634,-0.028933583949904015,-0.011219110193697828,0.004357029662410784,-8.081327859372468e-17,2.707193300315305e-17,1.8315625220279063e-17,PUBCHEM_612,lactic acid,1,Simple organic chemistry,612,JVTAAEKCZFNVCJ-UHFFFAOYSA-N,,CC(C(=O)O)O,CC(O)C(=O)O,C3H6O3
5.228277713958965,-0.18227097896010946,-0.1036136279354077,-0.15473927649495467,-0.04046191429774779,0.4228823353385433,0.19348015816570407,-0.1319229178484945,0.3789327199147655,0.11220345301190636,0.09599672644520002,0.06092291222685349,-0.15739875859356312,0.011558135361739115,-0.007797813340743974,-0.020829343284994122,0.008900788739736995,-5.290070253525612e-17,-1.5031295538061856e-16,4.05899217581875e-17,PUBCHEM_6131,cytidine monophosphate,4,RNA/ribonucleotide systems,6131,IERHLVCPSMICTF-XVFCMESISA-N,,C1=CN(C(=O)N=C1N)[C@H]2[C@@H]([C@@H]([C@H](O2)COP(=O)(O)O)O)O,Nc1ccn([C@@H]2O[C@H](COP(=O)(O)O)[C@@H](O)[C@H]2O)c(=O)n1,C9H14N3O8P
7.155710428363033,-0.22911120653351352,-0.9284744265060177,0.42258274820341557,-0.13811157193339238,-0.6356534539263999,0.49001114619862474,-0.3382923691092055,0.3333010166864465,-0.04642357040778392,0.062020994033667905,0.11035341803090053,-0.17819188602564537,-0.027347354979676008,0.0016848576556491599,-0.002336340833137794,0.00011966604804912817,1.0409017117329412e-17,-4.512430306626929e-17,1.287913895499035e-17,PUBCHEM_6132,cytidine diphosphate,4,RNA/ribonucleotide systems,6132,ZWIADYZPOWUWEW-XVFCMESISA-N,,C1=CN(C(=O)N=C1N)[C@H]2[C@@H]([C@@H]([C@H](O2)COP(=O)(O)OP(=O)(O)O)O)O,Nc1ccn([C@@H]2O[C@H](COP(=O)(O)OP(=O)(O)O)[C@@H](O)[C@H]2O)c(=O)n1,C9H15N3O11P2
8.913228886030671,-0.3528619536742874,-2.1016376031586654,1.1109615769615726,-0.20646363674739004,-1.667380112087057,0.5230198690634058,-0.8820783702772598,0.2778233305055253,0.12933775308510817,-0.20716645465789352,-0.03137065157363125,-0.08481330393468939,0.011525107536760297,-0.07754675856551918,-0.013044097175506211,0.025034296627615468,-6.708958418592457e-17,-1.0513861881033419e-16,1.8566420060050742e-17,PUBCHEM_6133,uridine triphosphate,4,RNA/ribonucleotide systems,6133,PGAVKCOVUIYSFO-XVFCMESISA-N,,C1=CN(C(=O)NC1=O)[C@H]2[C@@H]([C@@H]([C@H](O2)COP(=O)(O)OP(=O)(O)OP(=O)(O)O)O)O,O=c1ccn([C@@H]2O[C@H](COP(=O)(O)OP(=O)(O)OP(=O)(O)O)[C@@H](O)[C@H]2O)c(=O)[nH]1,C9H15N2O15P3
-0.8120142112323796,1.0272455446069664,-0.40463493908966,2.0840817149100284,-0.7399217635898122,0.7837291816818464,0.6759613778772424,0.8747046093322299,-0.3367305914966477,0.2261245206193861,-0.0565141302695198,-0.04139243062040356,0.004500382707640376,-0.27465645409377876,-0.017682654656345758,-0.019703238945555642,-0.0029474448075452594,-1.5170972582105385e-16,-1.2802846364419337e-18,1.2089741471473154e-18,PUBCHEM_6137,methionine,2,Prebiotic building blocks,6137,FFEARJCKVFRZRR-BYPYZUCNSA-N,,CSCC[C@@H](C(=O)O)N,CSCC[C@H](N)C(=O)O,C5H11NO2S
0.18912665231741957,1.0424188229817024,0.9812691066703224,-0.3783801758872922,-0.3489003563216248,-0.2965890317105279,-1.181635542139738,-0.11410242176519782,-0.1988529555595569,0.6310951510175097,-0.24820526523880512,-0.2118414941953046,-0.23248375687322467,-0.05974018646239735,0.08463365549486368,0.005037106746902148,-0.044323713333621846,3.7813766485754895e-17,-1.7588465799666228e-16,6.521743076494994e-17,PUBCHEM_6140,phenylalanine,2,Prebiotic building blocks,6140,COLNVLDHVKWLRT-QMMMGPOBSA-N,,C1=CC=C(C=C1)C[C@@H](C(=O)O)N,N[C@@H](Cc1ccccc1)C(=O)O,C9H11NO2
3.393187916790168,-0.16706247476523664,0.7134999276233146,-0.7275331362572208,0.04423109881241759,1.4804281871707325,-0.03756954167197775,0.07498907699933881,0.4015130809046379,0.3049859775844159,0.2379621758338472,0.27574018281005186,-0.1898297282626634,-0.03253086901217621,0.034261339106819784,-0.016572040332605713,0.009279413692635245,-2.261143207380388e-16,7.944810319075967e-17,-1.1013571774632133e-17,PUBCHEM_6175,cytidine,2,Prebiotic building blocks,6175,UHDGCWIWMRVCDJ-XVFCMESISA-N,,C1=CN(C(=O)N=C1N)[C@H]2[C@@H]([C@@H]([C@H](O2)CO)O)O,Nc1ccn([C@@H]2O[C@H](CO)[C@@H](O)[C@H]2O)c(=O)n1,C9H13N3O5
9.083143142767097,-0.27595143410691764,-1.753335225076628,0.9999047729017858,-0.2357612295690367,-1.6941892431913432,0.7865421342315448,-0.5446618203699165,0.2876693134581274,-0.2050505938274745,0.028045261622135,0.1597839238349467,-0.1989850134577275,-0.06625284532109182,0.011167528652042643,0.01615666161871879,-0.0086614566436384,-1.9807158159788233e-16,-1.3441418599862625e-16,3.181051416007196e-17,PUBCHEM_6176,cytidine triphosphate,4,RNA/ribonucleotide systems,6176,PCDQPRRSZKQHHS-XVFCMESISA-N,,C1=CN(C(=O)N=C1N)[C@H]2[C@@H]([C@@H]([C@H](O2)COP(=O)(O)OP(=O)(O)OP(=O)(O)O)O)O,Nc1ccn([C@@H]2O[C@H](COP(=O)(O)OP(=O)(O)OP(=O)(O)O)[C@@H](O)[C@H]2O)c(=O)n1,C9H16N3O14P3
-0.3554927438635616,0.8878177880998754,-0.627865393475463,-0.3488571513453199,0.5419543065391182,0.054961820003904725,0.6107365120793344,0.9496788504728805,-0.02267797015380351,-0.02017173418626649,-0.0021885099231879848,-8.59004945157166e-05,0.023953084693329685,0.004181184856070331,0.08447759652617723,-0.0028149258731300386,-0.031000342870813963,-1.2554426135307832e-16,-2.4445280824883054e-18,2.139322753007512e-17,PUBCHEM_6262,ornithine,2,Prebiotic building blocks,6262,AHLPHDHHMVZTML-BYPYZUCNSA-N,,C(C[C@@H](C(=O)O)N)CN,NCCC[C@H](N)C(=O)O,C5H12N2O2
0.5831806176888502,0.3352664277648606,1.1499921131229511,-0.682530147044553,-0.07604422237407027,-0.3034176888407083,-0.05664908545618655,0.7659538716826207,-0.24542515539040485,0.1803181701430566,-0.1950144810243062,-0.10337681843837004,0.17682692109476011,0.04595673191849115,-0.006939823575457998,-0.04449414726033815,-0.026755134344173245,8.348224038507122e-17,-1.3095438785021356e-17,3.1222335360454014e-17,PUBCHEM_6274,histidine,2,Prebiotic building blocks,6274,HNDVDQJCIGZPNO-YFKPBYRVSA-N,,C1=C(NC=N1)C[C@@H](C(=O)O)N,N[C@@H](Cc1cnc[nH]1)C(=O)O,C6H9N3O2
-1.1483669963478993,0.8616630172756617,-0.5973980317258898,-0.32205171430929047,0.3441409078129634,0.17758689723210663,0.3713692365728659,0.13914008462767508,-0.18935441160616667,0.07591833983911524,0.20203413445971422,-0.21319444727286851,-0.19580070362053506,0.05791449059691052,0.001116364419067844,0.009669772198465442,-0.015492766511505973,-8.637507084909805e-17,1.0433790035351729e-17,4.157553001531317e-17,PUBCHEM_6287,valine,2,Prebiotic building blocks,6287,KZSNJWFQEVHDMF-BYPYZUCNSA-N,,CC(C)[C@@H](C(=O)O)N,CC(C)[C@H](N)C(=O)O,C5H11NO2
-0.7656475766682226,0.25200263397639705,-0.8132178669554634,-0.3570530894986382,0.5050338222282191,0.08987951533487834,0.6393958136593657,0.41670824162391823,-0.05913832653020101,0.4372034304453611,0.0983369597848608,-0.04600968567452007,-0.05493091230605362,0.029675690293827335,0.028095747640080822,0.001064835069946535,-0.01733223627620976,-7.069056951029629e-17,4.0754910729051363e-17,1.9022190187052096e-17,PUBCHEM_6288,threonine,2,Prebiotic building blocks,6288,AYFVYJQAPQTCCC-GBXIJSLDSA-N,,C[C@H]([C@@H](C(=O)O)N)O,C[C@@H](O)[C@H](N)C(=O)O,C4H9NO3
1.6403263881971817,1.3573636082530578,2.316379520105354,-0.7470093890162262,-0.7070795767274108,-0.25940245058410055,-1.2079201526231231,-0.20925307211309027,-0.6014901302130891,1.0401423001166392,-0.5306331444468891,-0.552294424706325,0.02242556653345996,0.03355949937224719,0.13173573364693747,0.054206273375714195,-0.05749720418675364,-9.209014554372878e-17,-3.139385575619433e-17,4.1000837342383506e-17,PUBCHEM_6305,tryptophan,2,Prebiotic building blocks,6305,QIVBCDIJIAJPQS-VIFPVBQESA-N,,C1=CC=C2C(=C1)C(=CN2)C[C@@H](C(=O)O)N,N[C@@H](Cc1c[nH]c2ccccc12)C(=O)O,C11H12N2O2
-0.892456046790676,1.2911896104059588,-0.6577705164041323,-0.23462686020279702,0.33599639581902413,0.16489466088717025,0.20260740986917963,0.20316943863285578,-0.18759867388729937,0.04811226525008511,0.18354069688888805,-0.2024983485189163,-0.18725086075926559,0.05551398540157023,0.008068166031957069,0.011347919088922038,-0.01664083814522397,-1.0329493184138879e-16,6.910903758727297e-19,3.309906083107416e-17,PUBCHEM_6306,isoleucine,2,Prebiotic building blocks,6306,AGPKZVBTJJNPAG-WHFBIAKZSA-N,,CC[C@H](C)[C@@H](C(=O)O)N,CC[C@H](C)[C@H](N)C(=O)O,C6H13NO2
0.8421034569392032,0.8425121187122493,-0.22142946385425777,-0.4153528826391661,0.664495889649805,-0.17700471903202025,0.6159553059668763,2.0656030696924317,0.19012702397328016,-0.34118186371976866,0.07075572958547921,-0.3498045993933577,-0.11725474500554867,0.11824461085728226,-0.02450353875057322,-0.00048653802629298153,-0.0022134535194541904,1.0140067853619195e-16,-1.8299852230622e-17,1.2056069862234872e-17,PUBCHEM_6322,arginine,2,Prebiotic building blocks,6322,ODKSFYDXXFIFQN-BYPYZUCNSA-N,,C(C[C@@H](C(=O)O)N)CN=C(N)N,NC(N)=NCCC[C@H](N)C(=O)O,C6H14N4O2
-3.400395552061131,0.8082266725385955,-0.4797259464924501,-0.5257038910154689,0.1751909400761827,0.5641250216539758,0.7586270252165523,-0.9637029638961394,-0.5235206479843202,-0.4299800475928772,-0.020376488248313732,-0.17986751791164654,0.06834478495037069,0.06083594898011716,0.0004239729916326037,0.025295485686495228,-8.147534351854154e-05,1.0287133520960188e-17,-3.1233643692538196e-17,-9.204112657622893e-19,PUBCHEM_6324,ethane,1,Simple organic chemistry,6324,OTMSDBZUPAUEDD-UHFFFAOYSA-N,,CC,CC,C2H6
-3.4827519276043364,-0.38824941708989136,0.4151969809466996,-0.32977155928531227,-0.32222205046987584,-0.6148791186292648,-0.775026396076211,-0.5782077524645384,0.5024829109267156,-0.2600776503515486,-0.0024042612454915906,0.05147409126409856,-0.0959782024709504,-0.10813667312688506,-0.018822059452047582,0.10250575492648754,0.04158192882001631,-4.117077015916218e-18,1.623675535814693e-17,-3.637193593399253e-17,PUBCHEM_6325,ethylene,1,Simple organic chemistry,6325,VGGSQFUCUMXWEO-UHFFFAOYSA-N,,C=C,C=C,C2H4
-3.4785619536726657,-0.5159591426521446,0.3750140573966431,-0.3556694761993665,-0.2612563514028717,-0.5522588077858859,-0.7737546050506294,-0.5177075902117093,0.4842442175840028,-0.2454150061536803,-0.1400509313231155,0.08627693934006556,-0.13969222712053417,-0.11294416066303571,-0.03519752062398405,0.05164238074359764,0.025238459023597108,2.21915647548468e-17,7.865087640089254e-18,-1.7655016680894914e-17,PUBCHEM_6326,acetylene,1,Simple organic chemistry,6326,HSFWRNGVRCDJHI-UHFFFAOYSA-N,,C#C,C#C,C2H2
-2.9126569484285487,0.26928250964676925,-0.41886940659811356,-0.7013832881208074,0.39586391173623964,0.5674707278733568,1.2908229561963465,-0.312015907478729,-0.43263336480927606,-0.4355845292236768,-0.11676109862177932,-0.07856979930584357,0.10247398127101284,0.03982186789543337,0.0594736204454865,0.01978293407812383,-0.016656661474603294,-6.495948188343628e-17,-3.7232212541174705e-17,4.365432877083994e-18,PUBCHEM_6329,methylamine,1,Simple organic chemistry,6329,BAVYZALUXZFZLV-UHFFFAOYSA-N,,CN,CN,CH5N
-3.2049796809744295,1.0567029003157973,-0.43776198393028815,-0.48084136119040394,0.13130943739608772,0.5673179263197469,0.6139029260738567,-0.9872811350673836,-0.5208671116150263,-0.3874430335116215,0.09112035373526294,-0.2622930010922722,-0.09514164412184874,0.078878071169296,-0.008985281794811326,0.04628064764827199,-0.0015809667599011117,-6.605717059779359e-17,-3.925128230864136e-17,1.0574337834837528e-18,PUBCHEM_6334,propane,1,Simple organic chemistry,6334,ATUOYWHBWRKTHZ-UHFFFAOYSA-N,,CCC,CCC,C3H8
-2.717241077341845,0.5177587374239718,-0.3769054440359521,-0.6565207582957429,0.351982409056145,0.5706636325391281,1.1460988570536512,-0.33559407864997365,-0.42997982843998256,-0.39304751514242103,-0.005264256638202472,-0.16099528248646927,-0.06101244780120652,0.057863990084612404,0.050064365659042605,0.0407680960399005,-0.018156152890985836,-6.077777195213034e-17,-4.625216296054469e-19,4.7908357568134184e-18,PUBCHEM_6341,ethylamine,1,Simple organic chemistry,6341,QUSNBJAOOMFDIB-UHFFFAOYSA-N,,CCN,CCN,C2H7N
-2.971061782552403,0.014767934429156037,0.11432917055238884,-0.5024922375300653,-0.001084941316201073,-0.026102797840660746,0.177152706726664,-0.34384041065629944,-0.13826454269568617,-0.623236740505818,0.2167532598057318,0.037352717399457946,-0.09189636271497534,-0.06474484660382708,0.001299597393555655,-0.06347210855651698,-0.04036830230370495,-3.794634646059956e-17,-8.009363784718772e-18,5.717312671657317e-17,PUBCHEM_6342,acetonitrile,1,Simple organic chemistry,6342,WEVYAHXRMPXWCK-UHFFFAOYSA-N,,CC#N,CC#N,C2H3N
8.52942040789531,0.26508847966641413,-1.876094698972064,1.1497883433564369,-0.37700333862882757,-1.59330458128092,0.24631994951302696,-1.1643790634721467,0.15548535204696434,-0.23269727868902582,-0.08764552818810678,-0.20168781885921414,-0.2216011503940185,0.0375444605327882,-0.1032967753048642,0.0029465434008502556,0.029178512082829094,-1.4293227269419837e-16,-5.147497846367917e-17,1.0409057003306163e-17,PUBCHEM_64968,thymidine triphosphate,5,DNA/deoxyribonucleotide systems,64968,NHVNXKFIZYSCEB-XLPZGREQSA-N,,CC1=CN(C(=O)NC1=O)[C@H]2C[C@@H]([C@H](O2)COP(=O)(O)OP(=O)(O)OP(=O)(O)O)O,Cc1cn([C@H]2C[C@H](O)[C@@H](COP(=O)(O)OP(=O)(O)OP(=O)(O)O)O2)c(=O)[nH]c1=O,C10H17N2O14P3
8.495176401188983,0.05888933049979161,-1.5232688764677094,1.0054813575796429,-0.3945099127772177,-1.6869709089019747,0.5887481900065527,-0.7974295758560817,0.2125011088382743,-0.6039490923014845,0.05964922966278723,0.07931903971629069,-0.1689321202225441,-0.06335905020439951,-0.005227489592211006,0.013038828621429247,-0.004173424559088589,8.581845718703481e-17,-3.0985604176248044e-17,6.524055824680532e-18,PUBCHEM_65091,deoxycytidine triphosphate,5,DNA/deoxyribonucleotide systems,65091,RGWHQCVHVJXOKC-SHYZEUOFSA-N,,C1[C@@H]([C@H](O[C@H]1N2C=CC(=NC2=O)N)COP(=O)(O)OP(=O)(O)OP(=O)(O)O)O,Nc1ccn([C@H]2C[C@H](O)[C@@H](COP(=O)(O)OP(=O)(O)OP(=O)(O)O)O2)c(=O)n1,C9H16N3O13P3
-2.546382495869394,0.8119746206974284,-0.4700216280792763,-0.2965340104444613,0.09392350835392196,0.2784138242923858,-0.020554743611449332,-0.692096749728356,-0.4045784310504802,-0.2747375929524424,0.12004909835157734,-0.014691856352184077,-0.19587038680645344,-0.024767934304338435,-0.03033004209509794,-0.010261269130976317,0.011284029062902072,-2.656075377822857e-18,6.02300565303891e-17,-5.678605048148377e-18,PUBCHEM_6561,isobutyraldehyde,1,Simple organic chemistry,6561,AMIMRNSIRUDHCM-UHFFFAOYSA-N,,CC(C)C=O,CC(C)C=O,C4H8O
-2.0886960836134016,0.7039759200566582,-0.624548095332274,-0.2750915879713597,0.16660770428659907,0.16351200815029734,0.12700164319767998,-0.5471214269409918,-0.26741679944419766,0.06946395899326095,0.20704758413316862,-0.23932814436047223,-0.07742215922524583,0.0605133951449309,-0.05556020007235184,-0.0054028328285204,0.00476611798838205,-3.5424240681334996e-17,3.675108560037099e-17,7.503254261247408e-18,PUBCHEM_6590,isobutyric acid,1,Simple organic chemistry,6590,KQNPFQTWMSNSAP-UHFFFAOYSA-N,,CC(C)C(=O)O,CC(C)C(=O)O,C4H8O2
1.3093954516413868,1.5325920547366607,-1.324912582155186,0.09683097253369727,0.6193411477520757,-0.041793923525449916,-0.22982299395892986,1.0052569006929584,0.016310002215103734,0.8429317197297479,0.03696114771480773,-0.010472854808441344,-0.25799059053430917,0.10158003613112405,-0.12347812742641129,-0.02202023554770032,0.023722619789840884,1.0508515738171787e-16,-3.58315289991166e-17,3.4433455473693353e-17,PUBCHEM_6613,pantothenic acid,2,Prebiotic building blocks,6613,GHOKWGTUZJEAQD-ZETCQYMHSA-N,,CC(C)(CO)[C@H](C(=O)NCCC(=O)O)O,CC(C)(CO)[C@@H](O)C(=O)NCCC(=O)O,C9H17NO5
-1.5206064388475848,-0.027002307966109515,-0.9572992421479697,-0.28051533496631165,0.41410004327663447,0.08695141171219636,0.3188376038005838,-0.0504146568894505,-0.13116399638779605,0.4259269907911552,-0.1394937409600173,0.340346151852357,0.07732953565833423,-0.08703669435245347,0.028883908248695984,-0.02811042413643165,0.008810599072451734,-3.042929941350282e-17,-2.402414891381266e-19,1.3608427691136026e-17,PUBCHEM_670,dihydroxyacetone,2,Prebiotic building blocks,670,RXKJFZQQPQGTFL-UHFFFAOYSA-N,,C(C(=O)CO)O,O=C(CO)CO,C3H6O3
-2.757296794423688,0.53237350962148,-0.3589381350807786,-0.6584699419137664,0.3453170579954454,0.5970522354144354,1.149923445860189,-0.3570091683366197,-0.4089181758467668,-0.38719053504560674,-0.08570261827403577,-0.08627244418738376,-0.11330059866382876,0.1103754312636589,-0.06119806872633739,0.08147332458007199,0.02700610606584424,-6.532082894574982e-17,2.650546351635737e-17,-2.859822572328935e-17,PUBCHEM_674,dimethylamine,1,Simple organic chemistry,674,ROSDSFDQCJNGOL-UHFFFAOYSA-N,,CNC,CNC,C2H7N
-2.3684018430870477,-0.24600776293766216,0.08887090625300777,-0.3797998954301061,-0.02879733098655583,-0.17544527030090454,-0.2523823524042302,-0.19496731922842608,-0.13567467049002582,-0.4626642515752872,0.40265544166165346,0.15913914265449935,-0.3332473390658127,-0.12951901689929704,-0.03346727362292264,-0.1053879172451842,-0.03385756255376483,-4.222945645071362e-17,3.522870774928123e-17,7.630059109476612e-17,PUBCHEM_69430,acetyl cyanide,1,Simple organic chemistry,69430,QLDHWVVRQCGZLE-UHFFFAOYSA-N,,CC(=O)C#N,CC(=O)C#N,C3H3NO
-2.812253545107754,0.473892102580556,-0.7096688952627278,-0.5311614048969885,0.3337681568971207,0.5567754359728645,0.9563010161272316,-0.7110510806346504,-0.4483480763227644,-0.03114943675453831,-0.051590260342642844,-0.09966674988641792,0.03826082449914982,0.05774180339968588,0.016911004574048465,0.02909714101899022,-0.004248562828731761,-5.928225291782241e-17,6.823654433817737e-18,-3.239450048037386e-18,PUBCHEM_702,ethanol,1,Simple organic chemistry,702,LFQSCWFLJHTTHZ-UHFFFAOYSA-N,,CCO,CCO,C2H6O
-2.6876722992821036,-1.0933285728628463,0.305868656487952,-0.4445843263535488,-0.0483957440203976,-0.6310919119432667,-0.32840137447328555,0.11771987770221518,0.46757795631610594,-0.22204017708745805,-0.0020640090937601957,0.03364651849754366,-0.0029466381244821326,-0.08360964248085029,-0.02357647312798659,0.003717846902951986,0.026559257156431593,-4.7901127557222065e-17,-4.272303943417618e-17,1.1027629604045963e-17,PUBCHEM_713,formamide,1,Simple organic chemistry,713,ZHNUHDYFZUAESO-UHFFFAOYSA-N,,C(=O)N,NC=O,CH3NO
0.31430809294594925,-0.04271700680965295,-1.7745361975453324,0.2921594539996177,0.3295784965537112,-0.9704631887282498,0.5500072569525781,-0.25721077951260773,-0.15374872441937049,0.23321235385431688,-0.28184938629498674,0.12579299736258626,0.10979157254347229,-0.04274733951479921,-0.013267257537029625,-0.03305154942402539,0.008111029520216681,1.4237207163718512e-16,-1.9731594156743097e-17,2.665110049200048e-18,PUBCHEM_729,glyceraldehyde 3-phosphate,2,Prebiotic building blocks,729,LXJXRIRHZLFYRP-UHFFFAOYSA-N,,C(C(C=O)O)OP(=O)(O)O,O=CC(O)COP(=O)(O)O,C3H7O6P
-1.8234719422503425,-0.3394034677517213,-0.36735039005982745,-0.43880726717443547,0.28484754531654793,-0.15479849103638021,0.42297858790945164,0.20127722987477076,0.08527599278862104,0.059125645309607934,0.053474340322505816,-0.006925510055535338,0.09885638229728823,-0.016724200075171357,0.011957209766870395,-0.005906195982651495,-0.0005782171904619056,-2.717739023598931e-17,6.704671028503294e-19,6.122503181417292e-18,PUBCHEM_750,glycine,1,Simple organic chemistry,750,DHMQDGOQFOQNFH-UHFFFAOYSA-N,,C(C(=O)O)N,NCC(=O)O,C2H5NO2
-1.5207817042228495,-0.02750850261477979,-0.9574226419866105,-0.2806344057626488,0.4142715096638768,0.08708266310393943,0.318957557114896,-0.05029878466477405,-0.1311683634294982,0.42599487842682643,-0.13988393690633988,0.34061026794578475,0.07736060287437183,-0.0868363438887148,0.028791894910533675,-0.028794246471637017,0.008489654473114939,-5.2828404238679336e-17,-1.9796542414096692e-17,1.3591933293823744e-17,PUBCHEM_751,glyceraldehyde,2,Prebiotic building blocks,751,MNQZXJOMYWMBOU-UHFFFAOYSA-N,,C(C(C=O)O)O,O=CC(O)CO,C3H6O3
-1.3254944820055528,0.3387551910912005,-1.2716889072276503,-0.3984121555971918,0.6438274150060619,0.4332410860473424,1.0568188572883832,-0.030024163075965195,-0.22823015143902795,0.6793903679034644,-0.2579235265371846,0.17961159568581136,0.14911897249157946,0.01861789380635994,0.07240037821581011,0.02396508069459482,-0.010839571372082876,-8.761041580111557e-17,2.3755683926867543e-17,3.5007221967094325e-19,PUBCHEM_753,glycerol,1,Simple organic chemistry,753,PEDCQBHIVMGVHV-UHFFFAOYSA-N,,C(C(CO)O)O,OCC(O)CO,C3H8O3
-1.9184844100162515,-0.3832701025951369,-0.7001138412866037,-0.3134479137756811,0.2666332931575236,-0.16868668760264377,0.23318074698303265,-0.17417977210990607,0.06690774490583863,0.42102372369749064,0.007148336618065506,0.05440302254451591,0.19812965459764464,-0.016846386760097955,-0.021196151318123788,-0.017577151003561834,0.013329372871792243,-2.4238638958907965e-17,-1.415720005103373e-17,3.4507347841698014e-18,PUBCHEM_757,glycolic acid,1,Simple organic chemistry,757,AEMRFAOFKBGASW-UHFFFAOYSA-N,,C(C(=O)O)O,O=C(O)CO,C2H4O3
-2.128160915876122,-0.9408801348211157,-0.23410203271325988,-0.16117974026300974,-0.05007041371564698,-0.7158177420445454,-0.7600569024650627,-0.13452839462515265,0.3362675567500866,0.19502788073327842,0.13760840391308046,0.2523892266540245,0.1023935021906263,-0.14803271524602954,-0.06656847011622605,-0.056393179353086256,0.03981050591065202,-8.013110424456639e-17,-1.912716452363658e-18,1.0915569206098904e-17,PUBCHEM_760,glyoxylic acid,1,Simple organic chemistry,760,HHLFWLYXYJOTON-UHFFFAOYSA-N,,C(=O)C(=O)O,O=CC(=O)O,C2H2O3
-2.368584100355765,-0.9845545825195843,-0.09225954592725291,-0.25469918323088314,-0.12393292959643464,-0.9010914760195541,-0.3544087090238466,-0.2517688370622047,0.6358705250689928,0.45625545395115913,0.33605041007896125,-0.18829280944939647,0.33480293428908964,0.002945190148771588,-0.06700728744387399,0.045625601803822836,0.029007523022970907,-7.435726135591775e-17,-1.2329909328804278e-16,1.1429395916554396e-17,PUBCHEM_767,carbonic acid,1,Simple organic chemistry,767,BVKZGUZCCUSVTD-UHFFFAOYSA-N,,C(=O)(O)O,O=C(O)O,CH2O3
2.007819188673648,0.22319318564552307,-2.416112081452577,0.44205982338563915,0.6656459595945889,-0.9298952773974581,0.7102220317050331,0.35241303984066,-0.06882004927581728,0.9644373430193055,-0.3870123885836104,0.2933199503679894,0.07637658491156851,-0.04304310382252228,0.034131916374386534,-0.029036909175214922,-0.006021940793783325,-2.0080819290646797e-17,-3.439284828377118e-17,2.984349369757671e-17,PUBCHEM_77982,ribose 5-phosphate,2,Prebiotic building blocks,77982,PPQRONHOSHZGFQ-LMVFSUKVSA-N,,C([C@H]([C@H]([C@H](C=O)O)O)O)OP(=O)(O)O,O=C[C@H](O)[C@H](O)[C@H](O)COP(=O)(O)O,C5H11O8P
-2.7612566278231276,0.454590500726357,0.004547589782246178,-0.49212013138312893,0.0421813575346902,0.1780627383236093,0.28780495685857727,-0.42734458090110633,-0.3079090301611108,-0.6080993729369881,0.3158296241251382,-0.08206029763070274,-0.23140500899738406,-0.020970633623791264,-0.006345821900062234,-0.05643024541144752,-0.049019700913749534,-5.1820256502248363e-17,5.855214257493003e-18,6.05579222885505e-17,PUBCHEM_7854,propionitrile,1,Simple organic chemistry,7854,FVSKHRXBFJPNKK-UHFFFAOYSA-N,,CCC#N,CCC#N,C3H5N
-2.585847328132113,-0.832881434180346,-0.07957556546026216,-0.18262216273611162,-0.12275460964832406,-0.600915925902457,-0.9076132892741926,-0.279503717412517,0.19910592514380418,-0.14917367121242495,0.05060991813148908,0.4770255146623129,-0.016054725390581354,-0.23331404469529904,-0.04133831213897227,-0.06125161565554195,0.046328416985172004,-3.7057927013055264e-17,-5.1149738547521174e-17,1.376196694321012e-17,PUBCHEM_7860,glyoxal,1,Simple organic chemistry,7860,LEQAOMBKQFMDFZ-UHFFFAOYSA-N,,C(=O)C=O,O=CC=O,C2H2O2
-2.5722915072695733,-0.14316434945906797,-0.4902610143744416,-0.26549615064179904,0.0820929612093397,-0.03837145601037557,-0.13816763560417397,-0.524766575810773,-0.28934267216580045,-0.24025615889646584,0.08742519510822279,0.3813581190665522,0.06743861745025752,-0.11702510771630582,-0.08472302116561767,-0.04759632619683171,0.05882480981377672,-1.0043405552804116e-16,-5.195193330913002e-17,3.2230421623898855e-18,PUBCHEM_7865,methyl formate,1,Simple organic chemistry,7865,TZIHFWKZFHZASV-UHFFFAOYSA-N,,COC=O,COC=O,C2H4O2
-2.668074856257394,-1.219317330210496,0.30665766828921903,-0.5076103412371475,-0.0520553340157032,-0.7918889060506633,0.12846296890544454,0.1819268309755176,0.7272051981862455,0.06039820622461286,0.10690886160512762,0.2637856552834326,0.22522766460750873,-0.11777548583672075,0.08352830672507257,0.08328408035800357,-0.008083093693746976,-1.178597354467135e-16,1.3663061915666767e-17,-2.903892592419802e-17,PUBCHEM_787,hydroxylamine,1,Simple organic chemistry,787,AVXURJPOCDRRFD-UHFFFAOYSA-N,,NO,NO,H3NO
-0.15911247205661397,0.31550280503466743,-0.5415512908553411,-0.3090218158681538,0.49103131669055616,-0.0964639184342103,0.29625624415027485,0.9707620254229417,0.038002683041628196,0.13257445415492397,0.09995810920254869,-0.09120598557429638,-0.18590304354922288,0.08236419699763592,-0.11737681036787938,-0.028584263520347375,0.021266878966075847,1.0749398892783174e-16,3.200141727319224e-17,2.696981742823295e-17,PUBCHEM_79094,alanylglycine,3,Pre-nucleic/functional systems,79094,CXISPYVYMQWFLE-UHFFFAOYSA-N,,CC(C(=O)NCC(=O)O)N,CC(N)C(=O)NCC(=O)O,C5H10N2O3
-1.15835272061837,-0.4331222314745006,-0.14058387665148186,-0.40587974360735046,0.3301703368505436,-0.32110841417602043,0.04318272777383454,0.8481856631806131,0.15537659127970052,-0.23541275517327914,-0.0036371933449771744,-0.09497797282245413,-0.03839365534645469,-0.01925023213280767,-0.02967742106279376,-0.09948740714487664,-0.00495013969926809,-3.4743236484491506e-17,-1.8814446184674908e-17,4.6131732537037925e-17,PUBCHEM_7911,malonamide,1,Simple organic chemistry,7911,WRIRWRKPLXCTFD-UHFFFAOYSA-N,,C(C(=O)N)C(=O)N,NC(=O)CC(N)=O,C3H6N2O2
-1.7781150212036279,-0.4592721663227106,1.8306472596704524,-0.8234059961054226,-0.5501692310190984,-0.5132866465253354,-0.40870844651358135,-0.2541142983508019,-0.05799035713166029,-0.17435580708398837,-0.23185614263207954,-0.053467875673657794,0.20676274534821665,-0.005249629765967577,-0.029273438364597015,0.02748127865018974,0.00534289948950213,1.9200439989069724e-16,-8.836774960527817e-18,5.134042977077412e-18,PUBCHEM_795,imidazole,3,Pre-nucleic/functional systems,795,RAXXELZNTBOGNW-UHFFFAOYSA-N,,C1=CN=CN1,c1c[nH]cn1,C3H4N2
0.6291837697163246,-1.1368666246940893,2.425502749872168,-1.1622548307674057,-0.20267607438595914,-0.6050841676537674,0.7723701270919273,1.7221497537402446,-0.10532301058675231,-0.6565526724829721,0.5950779262063164,0.39679031288694533,-0.2502609076837252,-0.1689727644339732,0.1008529960829334,0.10597157070076324,-0.017711744985696373,-4.620048945069247e-19,-3.456853717576834e-17,1.7249922634356457e-18,PUBCHEM_7955,melamine,3,Pre-nucleic/functional systems,7955,JDSHMPZPIAZGSV-UHFFFAOYSA-N,,C1(=NC(=NC(=N1)N)N)N,Nc1nc(N)nc(N)n1,C3H6N6
0.11944099950704475,-1.367598183396198,1.380595615626056,-0.8290844185880466,-0.1147832959210188,-0.524656774340909,-0.01819666841248915,0.7099001040182159,-0.1348609594445591,0.3466123682547747,-0.11055722263376976,-0.17667341333879027,0.09225422088538957,0.06436109413958166,-0.16528986556975347,0.01836929431808904,0.0833755148280663,2.9017688796027947e-16,1.0940624678479225e-17,-3.413383926863704e-17,PUBCHEM_7956,cyanuric acid,3,Pre-nucleic/functional systems,7956,ZFSLODLOARCGLH-UHFFFAOYSA-N,,C1(=O)NC(=O)NC(=O)N1,O=c1[nH]c(=O)[nH]c(=O)[nH]1,C3H3N3O3
-2.9904041463210094,0.5342583432199873,-0.6800278658777634,-0.4728124153278315,0.2595584265185393,0.6143428940539126,0.724559356462306,-0.8748596323492905,-0.6831703856650976,-0.34089391328042595,0.029506005617169498,0.015337532120040171,-0.013090729798023188,0.037793670545429335,-0.07451454681534696,0.004066707332196282,0.0436853092811208,-8.118367398309232e-17,2.0635829900109345e-17,-3.9321121487022516e-18,PUBCHEM_8254,dimethyl ether,1,Simple organic chemistry,8254,LCGLNKUTAGEVQW-UHFFFAOYSA-N,,COC,COC,C2H6O
-1.388662843506275,-0.2749288329955907,-0.7221429626426475,-0.11439522630404485,0.17133531297886576,-0.4816610578342724,-0.3215849136653246,-0.03339051616501951,0.16504848317274365,0.46210399436758537,0.18375659232833896,-0.02812851992947464,0.27255158165476234,-0.018834127568558106,-0.08167192259350406,-0.07495453403024681,0.01927109025382246,-7.353683133611192e-17,4.0356067564457047e-19,1.5538946408954758e-17,PUBCHEM_867,malonic acid,1,Simple organic chemistry,867,OFOBLEOULBTSOW-UHFFFAOYSA-N,,C(C(=O)O)C(=O)O,O=C(O)CC(=O)O,C3H4O4
-3.235942927875013,0.4286489086118226,-0.1872461339814827,1.6827882999264838,-0.8519638272898227,1.2210850374777562,1.5961975933221177,-0.2778542789301871,-0.48155935020696994,0.11782284348530662,-0.2355198162798449,-0.19050194756645586,0.12689375680251272,-0.1759162576750704,-0.0352597052983464,0.06845747691133913,-0.004764856770925793,-1.20333892707065e-16,-3.505458892081411e-17,-1.900804833228247e-17,PUBCHEM_878,methyl mercaptan,2,Prebiotic building blocks,878,LSDPWZHWYPCBBB-UHFFFAOYSA-N,,CS,CS,CH4S
-2.1598758396323063,0.6408076138753348,-0.6339514042485749,-0.22750672650886186,0.1250516581456295,0.26947330056891505,-0.044551309977651894,-0.6618119167636051,-0.5424826351792906,-0.196281600502593,0.29178816257912055,0.16102585493099833,-0.223567566509465,-0.04234272715166263,-0.10089577749926641,-0.026540950498339384,0.045097966190518465,-8.023887090724322e-17,9.257512926954608e-17,2.2836867547079486e-17,PUBCHEM_8857,ethyl acetate,1,Simple organic chemistry,8857,XEKOWRVHYACXOJ-UHFFFAOYSA-N,,CCOC(=O)C,CCOC(C)=O,C4H8O2
-3.0076694161944584,0.22541587480335387,-0.7516328578248898,-0.5760239347220532,0.3776496595772156,0.5535825313070935,1.1010251152699275,-0.6874729094634058,-0.45100161269205835,-0.07368645083579412,-0.16308710232621967,-0.017241266705792173,0.20174725357136924,0.039699681210506745,0.02632025936049227,0.008111979057213517,-0.0027490714123491007,-5.92035996203108e-17,8.075719428880445e-17,-1.5581214161900134e-17,PUBCHEM_887,methanol,1,Simple organic chemistry,887,OKKJLVBELUTLKV-UHFFFAOYSA-N,,CO,CO,CH4O
-1.523332700111652,1.7560053484589953,-0.8217681446541176,-0.04913990089899517,0.16174795981805354,0.0851407778073276,-0.25797593419694903,-0.34221816323008414,-0.24156131059842684,-0.05704760194407906,0.07698996925365455,-0.12791747698883082,0.12394561046618956,0.03311329253069149,-0.023767663158359337,-0.014879822046300294,0.002540083968342164,-1.0480224026297059e-16,-8.354264715249318e-18,3.779217530418972e-18,PUBCHEM_8892,hexanoic acid,2,Prebiotic building blocks,8892,FUZZWVXGSFPDMH-UHFFFAOYSA-N,,CCCCCC(=O)O,CCCCCC(=O)O,C6H12O2
-2.5471942142195574,-1.274258060653315,0.6038310538384469,-0.648029751081724,0.01835726293652954,-0.7193274401599915,0.3066601193021852,0.61562128498233,0.7235091091280316,-0.2914588400246538,0.033735313613650425,0.21928216341174972,0.07095397031477799,-0.1254832752397546,0.11327730207168031,0.09766956496195621,-0.00823309692849133,-7.93261948258873e-17,1.4872938298116932e-16,-3.838405769723979e-17,PUBCHEM_9321,hydrazine,1,Simple organic chemistry,9321,OAKJQQAXSVQMHS-UHFFFAOYSA-N,,NN,NN,H4N2
-0.6574228933447541,-0.04162945892766592,1.6034822827557063,-0.6202168864032703,-0.481209128037098,-0.44966416061285647,-0.9611065609869128,-0.017503961985190216,-0.23200262846432154,-0.01010338796040218,-0.07193459521932258,-0.060802068350706506,-0.20203606884731157,-0.0921791192460215,0.003761590281305458,-0.04240545857396996,-0.021032363773787272,3.0576536888036087e-16,-4.085365531620087e-17,5.4701389229750483e-17,PUBCHEM_936,nicotinamide,2,Prebiotic building blocks,936,DFPAKSUCGFBDDF-UHFFFAOYSA-N,,C1=CC(=CN=C1)C(=O)N,NC(=O)c1cccnc1,C6H6N2O
0.48472916878172745,-0.7667729779075901,1.0550427033008287,-0.5649965584861242,-0.20738824915962245,-0.6212921479000187,-0.5665178577192971,0.38797336412764677,-0.12160255881183148,0.723683312248365,0.021682992489412765,-0.23311716373111482,0.08995062810303027,0.030464549399827682,-0.12747760814783723,-0.016367395534392808,0.04696150538946428,3.3296050331645385e-17,1.9869022419147514e-17,-1.0461970857919076e-17,PUBCHEM_967,orotic acid,2,Prebiotic building blocks,967,PXQPEWDEAKTCGB-UHFFFAOYSA-N,,C1=C(NC(=O)NC1=O)C(=O)O,O=C(O)c1cc(=O)[nH]c(=O)[nH]1,C5H4N2O4
4.674554979087179,0.3587689348132221,-0.22637310183084355,-0.004855706040303358,-0.18170402335753866,0.5237669972489666,-0.3467420265528135,-0.7516401609507246,0.24674875850360256,0.08455676815035508,-0.01969406336504199,-0.3005488304673078,-0.18001489552985392,0.1153554412156191,-0.12226211729765064,-0.034039461502862814,0.04674075746620444,-1.3991018645953406e-16,-5.791125443684107e-17,2.0938289449388327e-17,PUBCHEM_9700,thymidine monophosphate,5,DNA/deoxyribonucleotide systems,9700,GYOZYWVXFNDGLU-XLPZGREQSA-N,,CC1=CN(C(=O)NC1=O)[C@H]2C[C@@H]([C@H](O2)COP(=O)(O)O)O,Cc1cn([C@H]2C[C@H](O)[C@@H](COP(=O)(O)O)O2)c(=O)[nH]c1=O,C10H15N2O8P
-1.7280917253621357,-1.1916599331109812,-0.3166411613923142,-0.18919772680696292,0.004306351837071839,-0.7746398908762261,-0.5373875182400214,-0.08914579682892618,0.439867382239852,0.6040925920467827,0.35211307371624057,-0.07276614965874854,0.05360101439630722,-0.037162340254069524,-0.10780691739424787,-0.035016387742651964,0.03151079361473465,-5.562491090869177e-17,2.658899769785546e-17,1.8978401816106856e-17,PUBCHEM_971,oxalic acid,1,Simple organic chemistry,971,MUBZPKHOEPUJKR-UHFFFAOYSA-N,,C(=O)(C(=O)O)O,O=C(O)C(=O)O,C2H2O4
0.7066918777853742,0.8766603553824124,-0.5208293391980265,-0.2806340116608716,0.6019216336784136,-0.23448821620788973,0.4422169967741956,1.6344863691857612,0.19748129896991307,0.01520417239336052,0.10219502557672483,-0.2761770857256856,0.021487406657889976,0.14565979248314906,-0.08550026514083438,-0.028838249914969468,-0.0013027369715282846,-1.33640639562263e-16,1.3026209962871401e-17,1.6721932977088735e-17,PUBCHEM_9750,citrulline,2,Prebiotic building blocks,9750,RHGKLRLOHDJJDR-BYPYZUCNSA-N,,C(C[C@@H](C(=O)O)N)CNC(=O)N,NC(=O)NCCC[C@H](N)C(=O)O,C6H13N3O3
-0.159112472056614,0.31550280503466754,-0.5415512908553413,-0.3090218158681539,0.49103131669055655,-0.09646391843421034,0.29625624415027474,0.9707620254229417,0.03800268304162824,0.13257445415492403,0.09995810920254868,-0.09120598557429634,-0.18590304354922293,0.08236419699763593,-0.11737681036787938,-0.028584263520347354,0.02126687896607579,8.973201142289833e-17,-2.3655631764751804e-17,2.4154794601116093e-17,PUBCHEM_98153,glycylalanine,3,Pre-nucleic/functional systems,98153,VPZXBVLAVMBEQI-UHFFFAOYSA-N,,CC(C(=O)O)NC(=O)CN,CC(NC(=O)CN)C(=O)O,C5H10N2O3
1.0159915304520462,5.788170064296973,-1.216842869354625,0.8725329727233668,-0.03952538722644517,-0.3181189539524728,-2.2967366814863994,0.38047362554787223,0.01290584936298407,-0.29743383387979677,-0.09086624966637044,0.029901366843800493,0.17647458774289324,-0.02627338426013915,0.04332507916789841,0.02107368273124391,0.0008932400224512326,-1.5094701482839612e-16,-1.4705598278139143e-17,1.3788052326930633e-17,PUBCHEM_985,palmitic acid,2,Prebiotic building blocks,985,IPCSVZSSVZVIGE-UHFFFAOYSA-N,,CCCCCCCCCCCCCCCC(=O)O,CCCCCCCCCCCCCCCC(=O)O,C16H32O2
-2.5444611136316175,-1.0264744321667987,0.6561076707178372,-0.5636551675631929,-0.07950177988602748,-0.6678290287476442,-0.04883074623051939,0.4458217137829351,0.4852503358604894,-0.5539761367217063,0.24380916073671383,0.2369275580611561,-0.0905917700327716,-0.15790445871376282,0.05772626193357954,-0.027285068918786372,-0.04444411309619133,-7.72498358457649e-17,-5.406468631731059e-17,4.4351568289957105e-17,PUBCHEM_9864,cyanamide,2,Prebiotic building blocks,9864,XZMCDFZZKTWFGF-UHFFFAOYSA-N,,C(#N)N,N#CN,CH2N2
-1.6036431504064683,0.19836569592573858,1.385170495301903,-0.5221095018900327,-0.6856966338068304,-0.46662602551034915,-1.1542782191554124,-1.0070650662644178,-0.02021775068669056,0.640365499662432,-0.14298028135980634,-0.1400821389985845,-0.1412687199690069,-0.09376906657245034,0.08827915826843515,0.0943132619405472,-0.027845018502813623,1.1842647367892255e-16,-6.668829183741115e-18,1.9946552311347795e-17,PUBCHEM_996,phenol,1,Simple organic chemistry,996,ISWSIDIOOBJBQZ-UHFFFAOYSA-N,,C1=CC=C(C=C1)O,Oc1ccccc1,C6H6O
